DELETE FROM contract;
DELETE FROM financial_contract;
DELETE FROM asset_set;
DELETE FROM asset_set_history;
TRUNCATE TABLE ledger_book_shelf;
DELETE FROM asset_set_extra_charge;
DELETE FROM t_tencent_abs_trail;

INSERT INTO contract (uuid, unique_id, begin_date, contract_no, end_date, asset_type, month_fee, app_id, customer_id, house_id, actual_end_date, create_time, interest_rate, payment_day_in_month, payment_frequency, periods, repayment_way, total_amount, penalty_interest, active_version_no, repayment_plan_operate_logs, state, financial_contract_uuid, interest_rate_cycle, customer_uuid, repaymented_periods, completion_status, date_field_one, long_field_one, long_field_two, string_field_one, string_field_two, string_field_three, decimal_field_one, decimal_field_two) VALUES ('ccbd348c-7f90-4cc7-9459-52aa46b19ec6', 'd4f4e756-fba0-479d-9e41-3fbb14b030f8', '2017-06-10', 'd4f4e756-fba0-479d-9e41-3fbb14b030f8', '2018-01-01', null, 0.00, 39, 1531470, 729320, null, '2018-03-01 14:45:41', 0.1560000000, 0, 0, 3, 2, 3000.00, 0.0005000000, 1, null, 2, '2495a5ce-094e-4eb6-9fb9-95454b138427', 1, 'b80c7a08-bcde-4101-8c6d-b194c1e6e759', 1, null, null, null, null, null, null, null, null, null);
INSERT INTO contract (uuid, unique_id, begin_date, contract_no, end_date, asset_type, month_fee, app_id, customer_id, house_id, actual_end_date, create_time, interest_rate, payment_day_in_month, payment_frequency, periods, repayment_way, total_amount, penalty_interest, active_version_no, repayment_plan_operate_logs, state, financial_contract_uuid, interest_rate_cycle, customer_uuid, repaymented_periods, completion_status, date_field_one, long_field_one, long_field_two, string_field_one, string_field_two, string_field_three, decimal_field_one, decimal_field_two) VALUES ('18348d4b-e4fd-44a7-80a0-3b2db2d15aad', '9c74a14b-7628-4cb5-8157-5a33bf06057c', '2017-06-10', '9c74a14b-7628-4cb5-8157-5a33bf06057c', '2018-01-01', null, 0.00, 39, 1531471, 729321, null, '2018-03-01 14:48:23', 0.1560000000, 0, 0, 3, 2, 3000.00, 0.0005000000, 1, null, 2, '2495a5ce-094e-4eb6-9fb9-95454b138427', 1, '4e170eae-8a4f-44bc-a32d-3a1b08aa8072', 1, null, null, null, null, null, null, null, null, null);

INSERT INTO financial_contract (asset_package_format, adva_matuterm, adva_start_date, contract_no, contract_name, app_id, company_id, adva_repo_term, thru_date, capital_account_id, financial_contract_type, loan_overdue_start_day, loan_overdue_end_day, payment_channel_id, ledger_book_no, financial_contract_uuid, sys_normal_deduct_flag, sys_overdue_deduct_flag, sys_create_penalty_flag, sys_create_guarantee_flag, unusual_modify_flag, sys_create_statement_flag, transaction_limit_per_transcation, transaction_limit_per_day, remittance_strategy_mode, app_account_uuids, allow_online_repayment, allow_offline_repayment, allow_advance_deduct_flag, adva_repayment_term, penalty, overdue_default_fee, overdue_service_fee, overdue_other_fee, create_time, last_modified_time, repurchase_approach, repurchase_rule, repurchase_algorithm, day_of_month, pay_for_go, repurchase_principal_algorithm, repurchase_interest_algorithm, repurchase_penalty_algorithm, repurchase_other_charges_algorithm, repayment_check_days, repurchase_cycle, days_of_cycle, allow_freewheeling_repayment, temporary_repurchases, capital_party, asset_party, channel_party, supplier, other_party, contract_short_name, financial_type, remittance_object, sub_account_uuids) VALUES (3, 0, '2015-01-01 00:00:00', 'WB123', 'WUBO的测试信托', 39, 41, 7, '2020-11-16 00:00:00', 103, 0, 6, 6, null, '445d31f8-0275-4f7e-9dec-acb582108c95', '2495a5ce-094e-4eb6-9fb9-95454b138427', 0, 0, 1, 0, 0, 0, 0.50, null, 3, 'null', 1, 1, 1, 5, '', null, null, null, '2017-11-27 15:11:44', '2018-02-07 15:29:34', 2, null, '', null, 1, 'outstandingPrincipal', '', '', '', -1, null, null, 0, null, '[39]', null, null, null, '[39]', 'WUBO', 0, 0, null);

INSERT INTO asset_set (guarantee_status, settlement_status, asset_fair_value, asset_principal_value, asset_interest_value, asset_initial_value, asset_recycle_date, confirm_recycle_date, refund_amount, asset_status, on_account_status, repayment_plan_type, last_valuation_time, asset_uuid, create_time, last_modified_time, comment, single_loan_contract_no, contract_id, actual_recycle_date, current_period, overdue_status, overdue_date, version_no, active_status, sync_status, active_deduct_application_uuid, repurchase_status, financial_contract_uuid, asset_finger_print, asset_extra_fee_finger_print, asset_finger_print_update_time, asset_extra_fee_finger_print_update_time, plan_type, write_off_reason, can_be_rollbacked, time_interval, deduction_status, executing_status, executing_status_bak, customer_uuid, contract_uuid, contract_funding_status, version_lock, order_payment_status, repay_schedule_no, outer_repayment_plan_no) VALUES (0, 0, 1000.00, 1000.00, 0.00, 1000.00, '2018-03-01', '2018-03-01', 0.00, 1, 2, 0, '2018-03-01 14:45:41', '83813065-2fea-467d-8f2e-d59d33084c3a', '2018-03-01 14:45:41', '2018-03-01 14:46:23', null, 'ZC166598911458291712', 422361, '2018-03-01 14:46:20', 1, 0, null, 1, 0, 0, '8c8b5d8a-8f94-4ebd-86d4-04d97d97d4b2', null, '2495a5ce-094e-4eb6-9fb9-95454b138427', 'a7e2f9783cb59c6a23039cfd36325b3e', '00bfd64b58361d989ac8bf13dccc3c9b', '2018-03-01 14:45:41', '2018-03-01 14:45:41', 0, 0, 0, 1, 3, 2, 0, 'b80c7a08-bcde-4101-8c6d-b194c1e6e759', 'ccbd348c-7f90-4cc7-9459-52aa46b19ec6', 0, '330fb0b9-4347-4ce3-95b2-1a086d3bc3b3', 0, null, null);
INSERT INTO asset_set (guarantee_status, settlement_status, asset_fair_value, asset_principal_value, asset_interest_value, asset_initial_value, asset_recycle_date, confirm_recycle_date, refund_amount, asset_status, on_account_status, repayment_plan_type, last_valuation_time, asset_uuid, create_time, last_modified_time, comment, single_loan_contract_no, contract_id, actual_recycle_date, current_period, overdue_status, overdue_date, version_no, active_status, sync_status, active_deduct_application_uuid, repurchase_status, financial_contract_uuid, asset_finger_print, asset_extra_fee_finger_print, asset_finger_print_update_time, asset_extra_fee_finger_print_update_time, plan_type, write_off_reason, can_be_rollbacked, time_interval, deduction_status, executing_status, executing_status_bak, customer_uuid, contract_uuid, contract_funding_status, version_lock, order_payment_status, repay_schedule_no, outer_repayment_plan_no) VALUES (0, 0, 1000.00, 1000.00, 0.00, 1000.00, '2018-05-01', null, 0.00, 0, 1, 0, null, 'a5093eba-8e3b-4189-9e0f-b67b2accefb3', '2018-03-01 14:45:41', '2018-03-01 14:45:41', null, 'ZC166598911483457536', 422361, null, 2, 0, null, 1, 0, 0, 'empty_deduct_uuid', null, '2495a5ce-094e-4eb6-9fb9-95454b138427', '1481a15809e96718b7f6f8da74f0e3bf', '00bfd64b58361d989ac8bf13dccc3c9b', '2018-03-01 14:45:41', '2018-03-01 14:45:41', 0, 0, 0, 0, 0, 0, 0, 'b80c7a08-bcde-4101-8c6d-b194c1e6e759', 'ccbd348c-7f90-4cc7-9459-52aa46b19ec6', null, '79496128-aed4-4180-8544-a08b48079ad6', 0, null, null);
INSERT INTO asset_set (guarantee_status, settlement_status, asset_fair_value, asset_principal_value, asset_interest_value, asset_initial_value, asset_recycle_date, confirm_recycle_date, refund_amount, asset_status, on_account_status, repayment_plan_type, last_valuation_time, asset_uuid, create_time, last_modified_time, comment, single_loan_contract_no, contract_id, actual_recycle_date, current_period, overdue_status, overdue_date, version_no, active_status, sync_status, active_deduct_application_uuid, repurchase_status, financial_contract_uuid, asset_finger_print, asset_extra_fee_finger_print, asset_finger_print_update_time, asset_extra_fee_finger_print_update_time, plan_type, write_off_reason, can_be_rollbacked, time_interval, deduction_status, executing_status, executing_status_bak, customer_uuid, contract_uuid, contract_funding_status, version_lock, order_payment_status, repay_schedule_no, outer_repayment_plan_no) VALUES (0, 0, 1000.00, 1000.00, 0.00, 1000.00, '2018-06-01', null, 0.00, 0, 1, 0, null, 'b706d512-8e60-46a8-8a2f-010021c40352', '2018-03-01 14:45:41', '2018-03-01 14:45:41', null, 'ZC166598911500234752', 422361, null, 3, 0, null, 1, 0, 0, 'empty_deduct_uuid', null, '2495a5ce-094e-4eb6-9fb9-95454b138427', '7fd1f0f16e3538a26ff86f462b2eaf7c', '00bfd64b58361d989ac8bf13dccc3c9b', '2018-03-01 14:45:41', '2018-03-01 14:45:41', 0, 0, 0, 0, 0, 0, 0, 'b80c7a08-bcde-4101-8c6d-b194c1e6e759', 'ccbd348c-7f90-4cc7-9459-52aa46b19ec6', null, '7dbb6454-0ce6-4540-8439-0ca6680508a9', 0, null, null);

INSERT INTO asset_set (guarantee_status, settlement_status, asset_fair_value, asset_principal_value, asset_interest_value, asset_initial_value, asset_recycle_date, confirm_recycle_date, refund_amount, asset_status, on_account_status, repayment_plan_type, last_valuation_time, asset_uuid, create_time, last_modified_time, comment, single_loan_contract_no, contract_id, actual_recycle_date, current_period, overdue_status, overdue_date, version_no, active_status, sync_status, active_deduct_application_uuid, repurchase_status, financial_contract_uuid, asset_finger_print, asset_extra_fee_finger_print, asset_finger_print_update_time, asset_extra_fee_finger_print_update_time, plan_type, write_off_reason, can_be_rollbacked, time_interval, deduction_status, executing_status, executing_status_bak, customer_uuid, contract_uuid, contract_funding_status, version_lock, order_payment_status, repay_schedule_no, outer_repayment_plan_no) VALUES (0, 0, 1000.00, 1000.00, 0.00, 1000.00, '2018-04-01', '2018-03-01', 0.00, 1, 2, 0, null, 'c339c76a-dad0-4b21-bc73-776a264f636b', '2018-03-01 14:48:23', '2018-03-01 14:47:57', null, 'ZC166599591266889728', 422362, '2018-03-01 14:49:00', 1, 0, null, 1, 0, 0, '200fc1bd-875c-4911-a9e7-ef6cf703abc1', null, '2495a5ce-094e-4eb6-9fb9-95454b138427', '06cd5dfac5cb4b5ccbcfade000b74937', '00bfd64b58361d989ac8bf13dccc3c9b', '2018-03-01 14:48:23', '2018-03-01 14:48:23', 0, 0, 0, 0, 3, 2, 0, '4e170eae-8a4f-44bc-a32d-3a1b08aa8072', '18348d4b-e4fd-44a7-80a0-3b2db2d15aad', 0, 'e691152e-8ea1-462d-af17-ca75f53cce06', 0, null, null);
INSERT INTO asset_set (guarantee_status, settlement_status, asset_fair_value, asset_principal_value, asset_interest_value, asset_initial_value, asset_recycle_date, confirm_recycle_date, refund_amount, asset_status, on_account_status, repayment_plan_type, last_valuation_time, asset_uuid, create_time, last_modified_time, comment, single_loan_contract_no, contract_id, actual_recycle_date, current_period, overdue_status, overdue_date, version_no, active_status, sync_status, active_deduct_application_uuid, repurchase_status, financial_contract_uuid, asset_finger_print, asset_extra_fee_finger_print, asset_finger_print_update_time, asset_extra_fee_finger_print_update_time, plan_type, write_off_reason, can_be_rollbacked, time_interval, deduction_status, executing_status, executing_status_bak, customer_uuid, contract_uuid, contract_funding_status, version_lock, order_payment_status, repay_schedule_no, outer_repayment_plan_no) VALUES (0, 0, 1000.00, 1000.00, 0.00, 1000.00, '2018-05-01', null, 0.00, 0, 1, 0, null, '7edc70bb-ca56-4f2e-80bd-06dc3a634f9a', '2018-03-01 14:48:23', '2018-03-01 14:48:23', null, 'ZC166599591283666944', 422362, null, 2, 0, null, 1, 0, 0, 'empty_deduct_uuid', null, '2495a5ce-094e-4eb6-9fb9-95454b138427', '1481a15809e96718b7f6f8da74f0e3bf', '00bfd64b58361d989ac8bf13dccc3c9b', '2018-03-01 14:48:23', '2018-03-01 14:48:23', 0, 0, 0, 0, 0, 0, 0, '4e170eae-8a4f-44bc-a32d-3a1b08aa8072', '18348d4b-e4fd-44a7-80a0-3b2db2d15aad', null, 'cb78eb54-109d-48f6-8efe-63b57a65b9fa', 0, null, null);
INSERT INTO asset_set (guarantee_status, settlement_status, asset_fair_value, asset_principal_value, asset_interest_value, asset_initial_value, asset_recycle_date, confirm_recycle_date, refund_amount, asset_status, on_account_status, repayment_plan_type, last_valuation_time, asset_uuid, create_time, last_modified_time, comment, single_loan_contract_no, contract_id, actual_recycle_date, current_period, overdue_status, overdue_date, version_no, active_status, sync_status, active_deduct_application_uuid, repurchase_status, financial_contract_uuid, asset_finger_print, asset_extra_fee_finger_print, asset_finger_print_update_time, asset_extra_fee_finger_print_update_time, plan_type, write_off_reason, can_be_rollbacked, time_interval, deduction_status, executing_status, executing_status_bak, customer_uuid, contract_uuid, contract_funding_status, version_lock, order_payment_status, repay_schedule_no, outer_repayment_plan_no) VALUES (0, 0, 1000.00, 1000.00, 0.00, 1000.00, '2018-06-01', null, 0.00, 0, 1, 0, null, 'ee6048eb-e183-4b0d-939a-0c057b5ef45d', '2018-03-01 14:48:23', '2018-03-01 14:48:23', null, 'ZC166599591296249856', 422362, null, 3, 0, null, 1, 0, 0, 'empty_deduct_uuid', null, '2495a5ce-094e-4eb6-9fb9-95454b138427', '7fd1f0f16e3538a26ff86f462b2eaf7c', '00bfd64b58361d989ac8bf13dccc3c9b', '2018-03-01 14:48:23', '2018-03-01 14:48:23', 0, 0, 0, 0, 0, 0, 0, '4e170eae-8a4f-44bc-a32d-3a1b08aa8072', '18348d4b-e4fd-44a7-80a0-3b2db2d15aad', null, 'fd5b0745-b7d9-4c24-81de-ca4462b2c817', 0, null, null);


INSERT INTO ledger_book_shelf (ledger_uuid, debit_balance, credit_balance, first_account_name, first_account_uuid, account_side, second_account_name, second_account_uuid, third_account_name, third_account_uuid, first_party_id, second_party_id, third_party_id, forward_ledger_uuid, backward_ledger_uuid, batch_serial_uuid, amortized_date, book_in_date, business_voucher_uuid, carried_over_date, contract_id, contract_uuid, default_date, journal_voucher_uuid, ledger_book_no, ledger_book_owner_id, life_cycle, related_lv_1_asset_outer_idenity, related_lv_1_asset_uuid, related_lv_2_asset_outer_idenity, related_lv_2_asset_uuid, related_lv_3_asset_outer_idenity, related_lv_3_asset_uuid, source_document_uuid) VALUES ('9281a6ae-537d-4cb4-a619-64df4bf9a868', 0.00, 1000.00, 'FST_LONGTERM_LIABILITY', '40000', 0, 'SND_LONGTERM_LIABILITY_ABSORB_SAVING', '40000.01', null, null, 'cbf70764-ca28-11e7-b26b-525400dbb013', 'b80c7a08-bcde-4101-8c6d-b194c1e6e759', null, null, null, 'a59752ad-b597-4e21-999b-948da47b94a8', '2018-03-01', '2018-03-01 14:45:41', '', null, 422361, 'ccbd348c-7f90-4cc7-9459-52aa46b19ec6', '2018-03-01 00:00:00', '', '445d31f8-0275-4f7e-9dec-acb582108c95', '41', 1, 'ZC166598911458291712', '83813065-2fea-467d-8f2e-d59d33084c3a', null, null, null, null, '');
INSERT INTO ledger_book_shelf (ledger_uuid, debit_balance, credit_balance, first_account_name, first_account_uuid, account_side, second_account_name, second_account_uuid, third_account_name, third_account_uuid, first_party_id, second_party_id, third_party_id, forward_ledger_uuid, backward_ledger_uuid, batch_serial_uuid, amortized_date, book_in_date, business_voucher_uuid, carried_over_date, contract_id, contract_uuid, default_date, journal_voucher_uuid, ledger_book_no, ledger_book_owner_id, life_cycle, related_lv_1_asset_outer_idenity, related_lv_1_asset_uuid, related_lv_2_asset_outer_idenity, related_lv_2_asset_uuid, related_lv_3_asset_outer_idenity, related_lv_3_asset_uuid, source_document_uuid) VALUES ('54cd306e-5823-4e23-a20b-f88bde986fc1', 1000.00, 0.00, 'FST_UNEARNED_LOAN_ASSET', '10000', 1, 'SND_UNEARNED_LOAN_ASSET_PRINCIPLE', '10000.02', null, null, 'cbf70764-ca28-11e7-b26b-525400dbb013', 'b80c7a08-bcde-4101-8c6d-b194c1e6e759', null, null, null, 'a59752ad-b597-4e21-999b-948da47b94a8', '2018-03-01', '2018-03-01 14:45:41', '', null, 422361, 'ccbd348c-7f90-4cc7-9459-52aa46b19ec6', '2018-03-01 00:00:00', '', '445d31f8-0275-4f7e-9dec-acb582108c95', '41', 1, 'ZC166598911458291712', '83813065-2fea-467d-8f2e-d59d33084c3a', null, null, null, null, '');
INSERT INTO ledger_book_shelf (ledger_uuid, debit_balance, credit_balance, first_account_name, first_account_uuid, account_side, second_account_name, second_account_uuid, third_account_name, third_account_uuid, first_party_id, second_party_id, third_party_id, forward_ledger_uuid, backward_ledger_uuid, batch_serial_uuid, amortized_date, book_in_date, business_voucher_uuid, carried_over_date, contract_id, contract_uuid, default_date, journal_voucher_uuid, ledger_book_no, ledger_book_owner_id, life_cycle, related_lv_1_asset_outer_idenity, related_lv_1_asset_uuid, related_lv_2_asset_outer_idenity, related_lv_2_asset_uuid, related_lv_3_asset_outer_idenity, related_lv_3_asset_uuid, source_document_uuid) VALUES ('fd4dfc53-f800-4e70-a0f8-4f90e08a2413', 0.00, 1000.00, 'FST_LONGTERM_LIABILITY', '40000', 0, 'SND_LONGTERM_LIABILITY_ABSORB_SAVING', '40000.01', null, null, 'cbf70764-ca28-11e7-b26b-525400dbb013', 'b80c7a08-bcde-4101-8c6d-b194c1e6e759', null, null, null, '11e0722f-50cb-4883-9fad-d2b8ceaa473b', '2018-05-01', '2018-03-01 14:45:41', '', null, 422361, 'ccbd348c-7f90-4cc7-9459-52aa46b19ec6', '2018-05-01 00:00:00', '', '445d31f8-0275-4f7e-9dec-acb582108c95', '41', 1, 'ZC166598911483457536', 'a5093eba-8e3b-4189-9e0f-b67b2accefb3', null, null, null, null, '');
INSERT INTO ledger_book_shelf (ledger_uuid, debit_balance, credit_balance, first_account_name, first_account_uuid, account_side, second_account_name, second_account_uuid, third_account_name, third_account_uuid, first_party_id, second_party_id, third_party_id, forward_ledger_uuid, backward_ledger_uuid, batch_serial_uuid, amortized_date, book_in_date, business_voucher_uuid, carried_over_date, contract_id, contract_uuid, default_date, journal_voucher_uuid, ledger_book_no, ledger_book_owner_id, life_cycle, related_lv_1_asset_outer_idenity, related_lv_1_asset_uuid, related_lv_2_asset_outer_idenity, related_lv_2_asset_uuid, related_lv_3_asset_outer_idenity, related_lv_3_asset_uuid, source_document_uuid) VALUES ('53b8a11d-3485-45bc-9430-576a97f467a3', 1000.00, 0.00, 'FST_UNEARNED_LOAN_ASSET', '10000', 1, 'SND_UNEARNED_LOAN_ASSET_PRINCIPLE', '10000.02', null, null, 'cbf70764-ca28-11e7-b26b-525400dbb013', 'b80c7a08-bcde-4101-8c6d-b194c1e6e759', null, null, null, '11e0722f-50cb-4883-9fad-d2b8ceaa473b', '2018-05-01', '2018-03-01 14:45:41', '', null, 422361, 'ccbd348c-7f90-4cc7-9459-52aa46b19ec6', '2018-05-01 00:00:00', '', '445d31f8-0275-4f7e-9dec-acb582108c95', '41', 1, 'ZC166598911483457536', 'a5093eba-8e3b-4189-9e0f-b67b2accefb3', null, null, null, null, '');
INSERT INTO ledger_book_shelf (ledger_uuid, debit_balance, credit_balance, first_account_name, first_account_uuid, account_side, second_account_name, second_account_uuid, third_account_name, third_account_uuid, first_party_id, second_party_id, third_party_id, forward_ledger_uuid, backward_ledger_uuid, batch_serial_uuid, amortized_date, book_in_date, business_voucher_uuid, carried_over_date, contract_id, contract_uuid, default_date, journal_voucher_uuid, ledger_book_no, ledger_book_owner_id, life_cycle, related_lv_1_asset_outer_idenity, related_lv_1_asset_uuid, related_lv_2_asset_outer_idenity, related_lv_2_asset_uuid, related_lv_3_asset_outer_idenity, related_lv_3_asset_uuid, source_document_uuid) VALUES ('edb68e4a-2013-464d-ab87-1163c4ff8a72', 0.00, 1000.00, 'FST_LONGTERM_LIABILITY', '40000', 0, 'SND_LONGTERM_LIABILITY_ABSORB_SAVING', '40000.01', null, null, 'cbf70764-ca28-11e7-b26b-525400dbb013', 'b80c7a08-bcde-4101-8c6d-b194c1e6e759', null, null, null, '9d6d3c97-66f0-45db-887f-da601650254d', '2018-06-01', '2018-03-01 14:45:41', '', null, 422361, 'ccbd348c-7f90-4cc7-9459-52aa46b19ec6', '2018-06-01 00:00:00', '', '445d31f8-0275-4f7e-9dec-acb582108c95', '41', 1, 'ZC166598911500234752', 'b706d512-8e60-46a8-8a2f-010021c40352', null, null, null, null, '');
INSERT INTO ledger_book_shelf (ledger_uuid, debit_balance, credit_balance, first_account_name, first_account_uuid, account_side, second_account_name, second_account_uuid, third_account_name, third_account_uuid, first_party_id, second_party_id, third_party_id, forward_ledger_uuid, backward_ledger_uuid, batch_serial_uuid, amortized_date, book_in_date, business_voucher_uuid, carried_over_date, contract_id, contract_uuid, default_date, journal_voucher_uuid, ledger_book_no, ledger_book_owner_id, life_cycle, related_lv_1_asset_outer_idenity, related_lv_1_asset_uuid, related_lv_2_asset_outer_idenity, related_lv_2_asset_uuid, related_lv_3_asset_outer_idenity, related_lv_3_asset_uuid, source_document_uuid) VALUES ('c69c40c0-fb3b-40f8-822c-48b2657036e9', 1000.00, 0.00, 'FST_UNEARNED_LOAN_ASSET', '10000', 1, 'SND_UNEARNED_LOAN_ASSET_PRINCIPLE', '10000.02', null, null, 'cbf70764-ca28-11e7-b26b-525400dbb013', 'b80c7a08-bcde-4101-8c6d-b194c1e6e759', null, null, null, '9d6d3c97-66f0-45db-887f-da601650254d', '2018-06-01', '2018-03-01 14:45:41', '', null, 422361, 'ccbd348c-7f90-4cc7-9459-52aa46b19ec6', '2018-06-01 00:00:00', '', '445d31f8-0275-4f7e-9dec-acb582108c95', '41', 1, 'ZC166598911500234752', 'b706d512-8e60-46a8-8a2f-010021c40352', null, null, null, null, '');
INSERT INTO ledger_book_shelf (ledger_uuid, debit_balance, credit_balance, first_account_name, first_account_uuid, account_side, second_account_name, second_account_uuid, third_account_name, third_account_uuid, first_party_id, second_party_id, third_party_id, forward_ledger_uuid, backward_ledger_uuid, batch_serial_uuid, amortized_date, book_in_date, business_voucher_uuid, carried_over_date, contract_id, contract_uuid, default_date, journal_voucher_uuid, ledger_book_no, ledger_book_owner_id, life_cycle, related_lv_1_asset_outer_idenity, related_lv_1_asset_uuid, related_lv_2_asset_outer_idenity, related_lv_2_asset_uuid, related_lv_3_asset_outer_idenity, related_lv_3_asset_uuid, source_document_uuid) VALUES ('9e44478f-c269-436f-b43d-60a5ad35adf7', 0.00, 1000.00, 'FST_UNEARNED_LOAN_ASSET', '10000', 1, 'SND_UNEARNED_LOAN_ASSET_PRINCIPLE', '10000.02', null, null, 'cbf70764-ca28-11e7-b26b-525400dbb013', 'b80c7a08-bcde-4101-8c6d-b194c1e6e759', null, 'e756248d-7b10-4793-9054-a677b39dc387', null, '8b0f5d85-b8d0-432e-9a14-274d4e72ebb9', '2018-03-01', '2018-03-01 14:45:41', null, null, 422361, 'ccbd348c-7f90-4cc7-9459-52aa46b19ec6', '2018-03-01 00:00:00', null, '445d31f8-0275-4f7e-9dec-acb582108c95', '41', 1, 'ZC166598911458291712', '83813065-2fea-467d-8f2e-d59d33084c3a', null, null, null, null, null);
INSERT INTO ledger_book_shelf (ledger_uuid, debit_balance, credit_balance, first_account_name, first_account_uuid, account_side, second_account_name, second_account_uuid, third_account_name, third_account_uuid, first_party_id, second_party_id, third_party_id, forward_ledger_uuid, backward_ledger_uuid, batch_serial_uuid, amortized_date, book_in_date, business_voucher_uuid, carried_over_date, contract_id, contract_uuid, default_date, journal_voucher_uuid, ledger_book_no, ledger_book_owner_id, life_cycle, related_lv_1_asset_outer_idenity, related_lv_1_asset_uuid, related_lv_2_asset_outer_idenity, related_lv_2_asset_uuid, related_lv_3_asset_outer_idenity, related_lv_3_asset_uuid, source_document_uuid) VALUES ('e756248d-7b10-4793-9054-a677b39dc387', 1000.00, 0.00, 'FST_RECIEVABLE_ASSET', '20000', 1, 'SND_RECIEVABLE_LOAN_ASSET', '20000.01', 'TRD_RECIEVABLE_LOAN_ASSET_PRINCIPLE', '20000.01.01', 'cbf70764-ca28-11e7-b26b-525400dbb013', 'b80c7a08-bcde-4101-8c6d-b194c1e6e759', null, null, '9e44478f-c269-436f-b43d-60a5ad35adf7', '8b0f5d85-b8d0-432e-9a14-274d4e72ebb9', '2018-03-01', '2018-03-01 14:45:41', null, null, 422361, 'ccbd348c-7f90-4cc7-9459-52aa46b19ec6', '2018-03-01 00:00:00', null, '445d31f8-0275-4f7e-9dec-acb582108c95', '41', 1, 'ZC166598911458291712', '83813065-2fea-467d-8f2e-d59d33084c3a', null, null, null, null, null);
INSERT INTO ledger_book_shelf (ledger_uuid, debit_balance, credit_balance, first_account_name, first_account_uuid, account_side, second_account_name, second_account_uuid, third_account_name, third_account_uuid, first_party_id, second_party_id, third_party_id, forward_ledger_uuid, backward_ledger_uuid, batch_serial_uuid, amortized_date, book_in_date, business_voucher_uuid, carried_over_date, contract_id, contract_uuid, default_date, journal_voucher_uuid, ledger_book_no, ledger_book_owner_id, life_cycle, related_lv_1_asset_outer_idenity, related_lv_1_asset_uuid, related_lv_2_asset_outer_idenity, related_lv_2_asset_uuid, related_lv_3_asset_outer_idenity, related_lv_3_asset_uuid, source_document_uuid) VALUES ('06159d24-71ab-4a18-9270-f6deea3a8802', 0.00, 1000.00, 'FST_RECIEVABLE_ASSET', '20000', 1, 'SND_RECIEVABLE_LOAN_ASSET', '20000.01', 'TRD_RECIEVABLE_LOAN_ASSET_PRINCIPLE', '20000.01.01', 'cbf70764-ca28-11e7-b26b-525400dbb013', 'b80c7a08-bcde-4101-8c6d-b194c1e6e759', null, 'e1baae02-2498-4ac1-b400-8b248f17bf23', null, '61f27ec7-df5c-43f1-897f-26c698d299a3', '2018-03-01', '2018-03-01 14:45:17', '8c8b5d8a-8f94-4ebd-86d4-04d97d97d4b2', '2018-03-01 14:46:20', 422361, 'ccbd348c-7f90-4cc7-9459-52aa46b19ec6', '2018-03-01 00:00:00', '9b6d49ce-49c1-40be-b071-bbc16ca597dd', '445d31f8-0275-4f7e-9dec-acb582108c95', '41', 1, 'ZC166598911458291712', '83813065-2fea-467d-8f2e-d59d33084c3a', null, null, null, '94ce69c5f03ac43e785068ee1d6f8e58', 'ff3a8355-6fb8-4551-9ccb-3b54aeca86ac');
INSERT INTO ledger_book_shelf (ledger_uuid, debit_balance, credit_balance, first_account_name, first_account_uuid, account_side, second_account_name, second_account_uuid, third_account_name, third_account_uuid, first_party_id, second_party_id, third_party_id, forward_ledger_uuid, backward_ledger_uuid, batch_serial_uuid, amortized_date, book_in_date, business_voucher_uuid, carried_over_date, contract_id, contract_uuid, default_date, journal_voucher_uuid, ledger_book_no, ledger_book_owner_id, life_cycle, related_lv_1_asset_outer_idenity, related_lv_1_asset_uuid, related_lv_2_asset_outer_idenity, related_lv_2_asset_uuid, related_lv_3_asset_outer_idenity, related_lv_3_asset_uuid, source_document_uuid) VALUES ('e1baae02-2498-4ac1-b400-8b248f17bf23', 1000.00, 0.00, 'FST_BANK_SAVING', '60000', 1, '100000749_001', '60000.100000749_001', 'TRD_BANK_SAVING_GENERAL_PRINCIPAL', '60000.1000.01', 'cbf70764-ca28-11e7-b26b-525400dbb013', '', null, null, '06159d24-71ab-4a18-9270-f6deea3a8802', '61f27ec7-df5c-43f1-897f-26c698d299a3', '2018-03-01', '2018-03-01 14:45:17', '8c8b5d8a-8f94-4ebd-86d4-04d97d97d4b2', '2018-03-01 14:46:20', 422361, 'ccbd348c-7f90-4cc7-9459-52aa46b19ec6', '2018-03-01 00:00:00', '9b6d49ce-49c1-40be-b071-bbc16ca597dd', '445d31f8-0275-4f7e-9dec-acb582108c95', '41', 1, 'ZC166598911458291712', '83813065-2fea-467d-8f2e-d59d33084c3a', null, null, null, '94ce69c5f03ac43e785068ee1d6f8e58', 'ff3a8355-6fb8-4551-9ccb-3b54aeca86ac');

INSERT INTO ledger_book_shelf (ledger_uuid, debit_balance, credit_balance, first_account_name, first_account_uuid, account_side, second_account_name, second_account_uuid, third_account_name, third_account_uuid, first_party_id, second_party_id, third_party_id, forward_ledger_uuid, backward_ledger_uuid, batch_serial_uuid, amortized_date, book_in_date, business_voucher_uuid, carried_over_date, contract_id, contract_uuid, default_date, journal_voucher_uuid, ledger_book_no, ledger_book_owner_id, life_cycle, related_lv_1_asset_outer_idenity, related_lv_1_asset_uuid, related_lv_2_asset_outer_idenity, related_lv_2_asset_uuid, related_lv_3_asset_outer_idenity, related_lv_3_asset_uuid, source_document_uuid) VALUES ('08c78894-49ae-47e7-8342-30224cc7ce69', 0.00, 1000.00, 'FST_LONGTERM_LIABILITY', '40000', 0, 'SND_LONGTERM_LIABILITY_ABSORB_SAVING', '40000.01', null, null, 'cbf70764-ca28-11e7-b26b-525400dbb013', '4e170eae-8a4f-44bc-a32d-3a1b08aa8072', null, null, null, '577adde1-e359-44a9-be84-3b49a780d88a', '2018-04-01', '2018-03-01 14:48:23', '', null, 422362, '18348d4b-e4fd-44a7-80a0-3b2db2d15aad', '2018-04-01 00:00:00', '', '445d31f8-0275-4f7e-9dec-acb582108c95', '41', 1, 'ZC166599591266889728', 'c339c76a-dad0-4b21-bc73-776a264f636b', null, null, null, null, '');
INSERT INTO ledger_book_shelf (ledger_uuid, debit_balance, credit_balance, first_account_name, first_account_uuid, account_side, second_account_name, second_account_uuid, third_account_name, third_account_uuid, first_party_id, second_party_id, third_party_id, forward_ledger_uuid, backward_ledger_uuid, batch_serial_uuid, amortized_date, book_in_date, business_voucher_uuid, carried_over_date, contract_id, contract_uuid, default_date, journal_voucher_uuid, ledger_book_no, ledger_book_owner_id, life_cycle, related_lv_1_asset_outer_idenity, related_lv_1_asset_uuid, related_lv_2_asset_outer_idenity, related_lv_2_asset_uuid, related_lv_3_asset_outer_idenity, related_lv_3_asset_uuid, source_document_uuid) VALUES ('500ce242-f774-4027-8e6d-b8a292b5d6cf', 1000.00, 0.00, 'FST_UNEARNED_LOAN_ASSET', '10000', 1, 'SND_UNEARNED_LOAN_ASSET_PRINCIPLE', '10000.02', null, null, 'cbf70764-ca28-11e7-b26b-525400dbb013', '4e170eae-8a4f-44bc-a32d-3a1b08aa8072', null, null, null, '577adde1-e359-44a9-be84-3b49a780d88a', '2018-04-01', '2018-03-01 14:48:23', '', null, 422362, '18348d4b-e4fd-44a7-80a0-3b2db2d15aad', '2018-04-01 00:00:00', '', '445d31f8-0275-4f7e-9dec-acb582108c95', '41', 1, 'ZC166599591266889728', 'c339c76a-dad0-4b21-bc73-776a264f636b', null, null, null, null, '');
INSERT INTO ledger_book_shelf (ledger_uuid, debit_balance, credit_balance, first_account_name, first_account_uuid, account_side, second_account_name, second_account_uuid, third_account_name, third_account_uuid, first_party_id, second_party_id, third_party_id, forward_ledger_uuid, backward_ledger_uuid, batch_serial_uuid, amortized_date, book_in_date, business_voucher_uuid, carried_over_date, contract_id, contract_uuid, default_date, journal_voucher_uuid, ledger_book_no, ledger_book_owner_id, life_cycle, related_lv_1_asset_outer_idenity, related_lv_1_asset_uuid, related_lv_2_asset_outer_idenity, related_lv_2_asset_uuid, related_lv_3_asset_outer_idenity, related_lv_3_asset_uuid, source_document_uuid) VALUES ('8cf7d8a1-079a-4031-9678-a33a031e9fe5', 0.00, 1000.00, 'FST_LONGTERM_LIABILITY', '40000', 0, 'SND_LONGTERM_LIABILITY_ABSORB_SAVING', '40000.01', null, null, 'cbf70764-ca28-11e7-b26b-525400dbb013', '4e170eae-8a4f-44bc-a32d-3a1b08aa8072', null, null, null, '4454ea7c-d5b8-44f1-a0cc-710ac551b11d', '2018-05-01', '2018-03-01 14:48:23', '', null, 422362, '18348d4b-e4fd-44a7-80a0-3b2db2d15aad', '2018-05-01 00:00:00', '', '445d31f8-0275-4f7e-9dec-acb582108c95', '41', 1, 'ZC166599591283666944', '7edc70bb-ca56-4f2e-80bd-06dc3a634f9a', null, null, null, null, '');
INSERT INTO ledger_book_shelf (ledger_uuid, debit_balance, credit_balance, first_account_name, first_account_uuid, account_side, second_account_name, second_account_uuid, third_account_name, third_account_uuid, first_party_id, second_party_id, third_party_id, forward_ledger_uuid, backward_ledger_uuid, batch_serial_uuid, amortized_date, book_in_date, business_voucher_uuid, carried_over_date, contract_id, contract_uuid, default_date, journal_voucher_uuid, ledger_book_no, ledger_book_owner_id, life_cycle, related_lv_1_asset_outer_idenity, related_lv_1_asset_uuid, related_lv_2_asset_outer_idenity, related_lv_2_asset_uuid, related_lv_3_asset_outer_idenity, related_lv_3_asset_uuid, source_document_uuid) VALUES ('adc58ec6-2bba-4b26-99e5-785bf0c1960a', 1000.00, 0.00, 'FST_UNEARNED_LOAN_ASSET', '10000', 1, 'SND_UNEARNED_LOAN_ASSET_PRINCIPLE', '10000.02', null, null, 'cbf70764-ca28-11e7-b26b-525400dbb013', '4e170eae-8a4f-44bc-a32d-3a1b08aa8072', null, null, null, '4454ea7c-d5b8-44f1-a0cc-710ac551b11d', '2018-05-01', '2018-03-01 14:48:23', '', null, 422362, '18348d4b-e4fd-44a7-80a0-3b2db2d15aad', '2018-05-01 00:00:00', '', '445d31f8-0275-4f7e-9dec-acb582108c95', '41', 1, 'ZC166599591283666944', '7edc70bb-ca56-4f2e-80bd-06dc3a634f9a', null, null, null, null, '');
INSERT INTO ledger_book_shelf (ledger_uuid, debit_balance, credit_balance, first_account_name, first_account_uuid, account_side, second_account_name, second_account_uuid, third_account_name, third_account_uuid, first_party_id, second_party_id, third_party_id, forward_ledger_uuid, backward_ledger_uuid, batch_serial_uuid, amortized_date, book_in_date, business_voucher_uuid, carried_over_date, contract_id, contract_uuid, default_date, journal_voucher_uuid, ledger_book_no, ledger_book_owner_id, life_cycle, related_lv_1_asset_outer_idenity, related_lv_1_asset_uuid, related_lv_2_asset_outer_idenity, related_lv_2_asset_uuid, related_lv_3_asset_outer_idenity, related_lv_3_asset_uuid, source_document_uuid) VALUES ('8058d4d4-b99c-4644-8b28-8c08a5855437', 0.00, 1000.00, 'FST_LONGTERM_LIABILITY', '40000', 0, 'SND_LONGTERM_LIABILITY_ABSORB_SAVING', '40000.01', null, null, 'cbf70764-ca28-11e7-b26b-525400dbb013', '4e170eae-8a4f-44bc-a32d-3a1b08aa8072', null, null, null, '50c94164-2ad9-4304-9d69-a326e0c1a9ee', '2018-06-01', '2018-03-01 14:48:23', '', null, 422362, '18348d4b-e4fd-44a7-80a0-3b2db2d15aad', '2018-06-01 00:00:00', '', '445d31f8-0275-4f7e-9dec-acb582108c95', '41', 1, 'ZC166599591296249856', 'ee6048eb-e183-4b0d-939a-0c057b5ef45d', null, null, null, null, '');
INSERT INTO ledger_book_shelf (ledger_uuid, debit_balance, credit_balance, first_account_name, first_account_uuid, account_side, second_account_name, second_account_uuid, third_account_name, third_account_uuid, first_party_id, second_party_id, third_party_id, forward_ledger_uuid, backward_ledger_uuid, batch_serial_uuid, amortized_date, book_in_date, business_voucher_uuid, carried_over_date, contract_id, contract_uuid, default_date, journal_voucher_uuid, ledger_book_no, ledger_book_owner_id, life_cycle, related_lv_1_asset_outer_idenity, related_lv_1_asset_uuid, related_lv_2_asset_outer_idenity, related_lv_2_asset_uuid, related_lv_3_asset_outer_idenity, related_lv_3_asset_uuid, source_document_uuid) VALUES ('b31322a0-af3c-4eb9-88d6-7bcd794f60d7', 1000.00, 0.00, 'FST_UNEARNED_LOAN_ASSET', '10000', 1, 'SND_UNEARNED_LOAN_ASSET_PRINCIPLE', '10000.02', null, null, 'cbf70764-ca28-11e7-b26b-525400dbb013', '4e170eae-8a4f-44bc-a32d-3a1b08aa8072', null, null, null, '50c94164-2ad9-4304-9d69-a326e0c1a9ee', '2018-06-01', '2018-03-01 14:48:23', '', null, 422362, '18348d4b-e4fd-44a7-80a0-3b2db2d15aad', '2018-06-01 00:00:00', '', '445d31f8-0275-4f7e-9dec-acb582108c95', '41', 1, 'ZC166599591296249856', 'ee6048eb-e183-4b0d-939a-0c057b5ef45d', null, null, null, null, '');
INSERT INTO ledger_book_shelf (ledger_uuid, debit_balance, credit_balance, first_account_name, first_account_uuid, account_side, second_account_name, second_account_uuid, third_account_name, third_account_uuid, first_party_id, second_party_id, third_party_id, forward_ledger_uuid, backward_ledger_uuid, batch_serial_uuid, amortized_date, book_in_date, business_voucher_uuid, carried_over_date, contract_id, contract_uuid, default_date, journal_voucher_uuid, ledger_book_no, ledger_book_owner_id, life_cycle, related_lv_1_asset_outer_idenity, related_lv_1_asset_uuid, related_lv_2_asset_outer_idenity, related_lv_2_asset_uuid, related_lv_3_asset_outer_idenity, related_lv_3_asset_uuid, source_document_uuid) VALUES ('1825494a-1075-4784-b902-48d97f88e22f', 0.00, 1000.00, 'FST_UNEARNED_LOAN_ASSET', '10000', 1, 'SND_UNEARNED_LOAN_ASSET_PRINCIPLE', '10000.02', null, null, 'cbf70764-ca28-11e7-b26b-525400dbb013', '4e170eae-8a4f-44bc-a32d-3a1b08aa8072', null, 'b24bfae1-73d5-4738-9dbd-aef8f83208b3', null, '17318068-44de-4b82-b82e-cf5a25d7631c', '2018-04-01', '2018-03-01 14:47:57', '200fc1bd-875c-4911-a9e7-ef6cf703abc1', '2018-03-01 14:49:00', 422362, '18348d4b-e4fd-44a7-80a0-3b2db2d15aad', '2018-04-01 00:00:00', '02d55ff0-5c62-4609-a3bf-0a581a935f63', '445d31f8-0275-4f7e-9dec-acb582108c95', '41', 1, 'ZC166599591266889728', 'c339c76a-dad0-4b21-bc73-776a264f636b', null, null, null, '0c7b250f67a839dd2d67db4d3fe6c5a1', '15b400f1-e378-48a0-8b6f-c0701cd812b8');
INSERT INTO ledger_book_shelf (ledger_uuid, debit_balance, credit_balance, first_account_name, first_account_uuid, account_side, second_account_name, second_account_uuid, third_account_name, third_account_uuid, first_party_id, second_party_id, third_party_id, forward_ledger_uuid, backward_ledger_uuid, batch_serial_uuid, amortized_date, book_in_date, business_voucher_uuid, carried_over_date, contract_id, contract_uuid, default_date, journal_voucher_uuid, ledger_book_no, ledger_book_owner_id, life_cycle, related_lv_1_asset_outer_idenity, related_lv_1_asset_uuid, related_lv_2_asset_outer_idenity, related_lv_2_asset_uuid, related_lv_3_asset_outer_idenity, related_lv_3_asset_uuid, source_document_uuid) VALUES ('b24bfae1-73d5-4738-9dbd-aef8f83208b3', 1000.00, 0.00, 'FST_BANK_SAVING', '60000', 1, '100000749_001', '60000.100000749_001', 'TRD_BANK_SAVING_GENERAL_PRINCIPAL', '60000.1000.01', 'cbf70764-ca28-11e7-b26b-525400dbb013', '', null, null, '1825494a-1075-4784-b902-48d97f88e22f', '17318068-44de-4b82-b82e-cf5a25d7631c', '2018-04-01', '2018-03-01 14:47:57', '200fc1bd-875c-4911-a9e7-ef6cf703abc1', '2018-03-01 14:49:00', 422362, '18348d4b-e4fd-44a7-80a0-3b2db2d15aad', '2018-04-01 00:00:00', '02d55ff0-5c62-4609-a3bf-0a581a935f63', '445d31f8-0275-4f7e-9dec-acb582108c95', '41', 1, 'ZC166599591266889728', 'c339c76a-dad0-4b21-bc73-776a264f636b', null, null, null, '0c7b250f67a839dd2d67db4d3fe6c5a1', '15b400f1-e378-48a0-8b6f-c0701cd812b8');

INSERT INTO customer (account, mobile, name, source, app_id, customer_uuid, customer_type, customer_style, status, id_type) VALUES ('320301198502169142', null, '王宝', 'ad469d5b-0d2e-4ceb-a638-339d4c5ef53e', 39, 'b80c7a08-bcde-4101-8c6d-b194c1e6e759', 0, 0, 0, 0);
INSERT INTO customer (account, mobile, name, source, app_id, customer_uuid, customer_type, customer_style, status, id_type) VALUES ('320301198502169142', null, '王宝', '07c6a5d1-4358-4495-b056-4c146c8ba748', 39, '4e170eae-8a4f-44bc-a32d-3a1b08aa8072', 0, 0, 0, 0);

INSERT INTO t_tencent_abs_trail (financial_contract_uuid, financial_contract_no, contract_unique_id, contract_uuid, asset_set_uuid, last_modified_time, file_type) VALUES ('2495a5ce-094e-4eb6-9fb9-95454b138427', 'WB123', 'd4f4e756-fba0-479d-9e41-3fbb14b030f8', 'ccbd348c-7f90-4cc7-9459-52aa46b19ec6', '83813065-2fea-467d-8f2e-d59d33084c3a', '2018-03-01 13:04:40', '1');
INSERT INTO t_tencent_abs_trail (financial_contract_uuid, financial_contract_no, contract_unique_id, contract_uuid, asset_set_uuid, last_modified_time, file_type) VALUES ('2495a5ce-094e-4eb6-9fb9-95454b138427', 'WB123', '9c74a14b-7628-4cb5-8157-5a33bf06057c', '18348d4b-e4fd-44a7-80a0-3b2db2d15aad', 'c339c76a-dad0-4b21-bc73-776a264f636b', '2018-03-01 13:07:49', '1');
