DELETE FROM contract;
DELETE FROM financial_contract;
DELETE FROM asset_set;
DELETE FROM asset_set_history;
TRUNCATE TABLE ledger_book_shelf;
DELETE FROM asset_set_extra_charge;
DELETE FROM customer;
DELETE FROM t_tencent_abs_trail;

INSERT INTO contract (uuid, unique_id, begin_date, contract_no, end_date, asset_type, month_fee, app_id, customer_id, house_id, actual_end_date, create_time, interest_rate, payment_day_in_month, payment_frequency, periods, repayment_way, total_amount, penalty_interest, active_version_no, repayment_plan_operate_logs, state, financial_contract_uuid, interest_rate_cycle, customer_uuid, repaymented_periods, completion_status, date_field_one, long_field_one, long_field_two, string_field_one, string_field_two, string_field_three, decimal_field_one, decimal_field_two) VALUES ('b6806f80-7242-422d-b5da-dc720c6b31c6', '6fe0e9a3-9c87-4d49-94bf-a97772177e16', '2018-03-01', '6fe0e9a3-9c87-4d49-94bf-a97772177e16', '2099-01-01', null, 0.00, 39, 1531469, 729319, null, '2018-03-01 14:37:45', 0.0000000000, 0, 0, 1, 2, 3000.00, 0.0005000000, 807343536, '[{"content":{0:"ZC166596841175044096",1:"ZC166596913908428800,ZC166596913929400320,ZC166596913946177536",2:""},"ipAddress":"192.168.0.200","occurTime":"2018-03-01 14:37:27","triggerEvent":1}]', 2, '2495a5ce-094e-4eb6-9fb9-95454b138427', 1, 'edbfbf29-92b6-44ae-b16d-5c81d5072fb5', 0, null, null, null, null, null, null, null, null, null);
INSERT INTO contract (uuid, unique_id, begin_date, contract_no, end_date, asset_type, month_fee, app_id, customer_id, house_id, actual_end_date, create_time, interest_rate, payment_day_in_month, payment_frequency, periods, repayment_way, total_amount, penalty_interest, active_version_no, repayment_plan_operate_logs, state, financial_contract_uuid, interest_rate_cycle, customer_uuid, repaymented_periods, completion_status, date_field_one, long_field_one, long_field_two, string_field_one, string_field_two, string_field_three, decimal_field_one, decimal_field_two) VALUES ('fa3e7d96-9d22-44f9-8d75-03750f13073c', '71978c69-61fa-4456-8e82-476fa313db8f', '2018-03-01', '71978c69-61fa-4456-8e82-476fa313db8f', '2099-01-01', null, 0.00, 39, 1531468, 729318, null, '2018-03-01 14:35:02', 0.0000000000, 0, 0, 3, 2, 3000.00, 0.0005000000, -966884047, '[{"content":{0:"ZC166596238994624512,ZC166596239040761856,ZC166596239074316288",1:"ZC166596233181278208,ZC166596233277747200,ZC166596233298718720",2:""},"ipAddress":"192.168.0.200","occurTime":"2018-03-01 14:35:04","triggerEvent":1}]', 2, '2495a5ce-094e-4eb6-9fb9-95454b138427', 1, 'baa92027-5346-4246-9a14-53c743e74f60', 0, null, null, null, null, null, null, null, null, null);

INSERT INTO financial_contract (asset_package_format, adva_matuterm, adva_start_date, contract_no, contract_name, app_id, company_id, adva_repo_term, thru_date, capital_account_id, financial_contract_type, loan_overdue_start_day, loan_overdue_end_day, payment_channel_id, ledger_book_no, financial_contract_uuid, sys_normal_deduct_flag, sys_overdue_deduct_flag, sys_create_penalty_flag, sys_create_guarantee_flag, unusual_modify_flag, sys_create_statement_flag, transaction_limit_per_transcation, transaction_limit_per_day, remittance_strategy_mode, app_account_uuids, allow_online_repayment, allow_offline_repayment, allow_advance_deduct_flag, adva_repayment_term, penalty, overdue_default_fee, overdue_service_fee, overdue_other_fee, create_time, last_modified_time, repurchase_approach, repurchase_rule, repurchase_algorithm, day_of_month, pay_for_go, repurchase_principal_algorithm, repurchase_interest_algorithm, repurchase_penalty_algorithm, repurchase_other_charges_algorithm, repayment_check_days, repurchase_cycle, days_of_cycle, allow_freewheeling_repayment, temporary_repurchases, capital_party, asset_party, channel_party, supplier, other_party, contract_short_name, financial_type, remittance_object, sub_account_uuids) VALUES (3, 0, '2015-01-01 00:00:00', 'WB123', 'WUBO的测试信托', 39, 41, 7, '2020-11-16 00:00:00', 103, 0, 6, 6, null, '445d31f8-0275-4f7e-9dec-acb582108c95', '2495a5ce-094e-4eb6-9fb9-95454b138427', 0, 0, 1, 0, 0, 0, 0.50, null, 3, 'null', 1, 1, 1, 5, '', null, null, null, '2017-11-27 15:11:44', '2018-02-07 15:29:34', 2, null, '', null, 1, 'outstandingPrincipal', '', '', '', -1, null, null, 0, null, '[39]', null, null, null, '[39]', 'WUBO', 0, 0, null);

INSERT INTO customer (account, mobile, name, source, app_id, customer_uuid, customer_type, customer_style, status, id_type) VALUES ('320301198502169142', null, '章光', 'ba4afbfc-5105-4603-bbe0-a9e9cc2818d0', 39, 'edbfbf29-92b6-44ae-b16d-5c81d5072fb5', 0, 0, 0, 0);
INSERT INTO customer (account, mobile, name, source, app_id, customer_uuid, customer_type, customer_style, status, id_type) VALUES ('320301198502169142', null, '章光', 'a6a7576e-834b-42c0-9cc3-1f9fdb11bc9c', 39, 'baa92027-5346-4246-9a14-53c743e74f60', 0, 0, 0, 0);

INSERT INTO asset_set (guarantee_status, settlement_status, asset_fair_value, asset_principal_value, asset_interest_value, asset_initial_value, asset_recycle_date, confirm_recycle_date, refund_amount, asset_status, on_account_status, repayment_plan_type, last_valuation_time, asset_uuid, create_time, last_modified_time, comment, single_loan_contract_no, contract_id, actual_recycle_date, current_period, overdue_status, overdue_date, version_no, active_status, sync_status, active_deduct_application_uuid, repurchase_status, financial_contract_uuid, asset_finger_print, asset_extra_fee_finger_print, asset_finger_print_update_time, asset_extra_fee_finger_print_update_time, plan_type, write_off_reason, can_be_rollbacked, time_interval, deduction_status, executing_status, executing_status_bak, customer_uuid, contract_uuid, contract_funding_status, version_lock, order_payment_status, repay_schedule_no, outer_repayment_plan_no) VALUES (0, 0, 3000.00, 3000.00, 0.00, 3000.00, '2018-03-01', null, 0.00, 0, 1, 0, '2018-03-01 14:37:27', '24fcfdd0-fb41-4c03-a0a9-a73378032bf4', '2018-03-01 14:37:27', '2018-03-01 14:37:27', null, 'ZC166596841175044096', 422360, null, 1, 0, null, 807343536, 0, 0, 'empty_deduct_uuid', null, '2495a5ce-094e-4eb6-9fb9-95454b138427', '3ea1600b3dfaf2789fad273af4f2431d', '00bfd64b58361d989ac8bf13dccc3c9b', '2018-03-01 14:37:27', '2018-03-01 14:37:27', 1, 0, 0, 1, 0, 1, 0, 'edbfbf29-92b6-44ae-b16d-5c81d5072fb5', 'b6806f80-7242-422d-b5da-dc720c6b31c6', null, '701c45e8-c8d1-4a76-b7e2-f19a7286b549', 0, null, null);
INSERT INTO asset_set (guarantee_status, settlement_status, asset_fair_value, asset_principal_value, asset_interest_value, asset_initial_value, asset_recycle_date, confirm_recycle_date, refund_amount, asset_status, on_account_status, repayment_plan_type, last_valuation_time, asset_uuid, create_time, last_modified_time, comment, single_loan_contract_no, contract_id, actual_recycle_date, current_period, overdue_status, overdue_date, version_no, active_status, sync_status, active_deduct_application_uuid, repurchase_status, financial_contract_uuid, asset_finger_print, asset_extra_fee_finger_print, asset_finger_print_update_time, asset_extra_fee_finger_print_update_time, plan_type, write_off_reason, can_be_rollbacked, time_interval, deduction_status, executing_status, executing_status_bak, customer_uuid, contract_uuid, contract_funding_status, version_lock, order_payment_status, repay_schedule_no, outer_repayment_plan_no) VALUES (0, 0, 1005.00, 1000.00, 4.00, 1004.00, '2018-03-01', null, 0.00, 0, 1, 0, '2018-03-01 14:35:04', 'fc295ca5-c961-4f43-81e4-e1cc14adb55e', '2018-03-01 14:35:04', '2018-03-01 14:35:04', null, 'ZC166596238994624512', 422359, null, 1, 0, null, -966884047, 0, 0, 'empty_deduct_uuid', null, '2495a5ce-094e-4eb6-9fb9-95454b138427', '8a838f56472416b62757717b181fcf5c', '5ef18eeb9ed11bedd5f8ec7954b5e6a8', '2018-03-01 14:35:04', '2018-03-01 14:35:04', 0, 0, 0, 1, 0, 1, 0, 'baa92027-5346-4246-9a14-53c743e74f60', 'fa3e7d96-9d22-44f9-8d75-03750f13073c', null, '35018489-8434-4da2-a79a-427af9210e0d', 0, null, null);
INSERT INTO asset_set (guarantee_status, settlement_status, asset_fair_value, asset_principal_value, asset_interest_value, asset_initial_value, asset_recycle_date, confirm_recycle_date, refund_amount, asset_status, on_account_status, repayment_plan_type, last_valuation_time, asset_uuid, create_time, last_modified_time, comment, single_loan_contract_no, contract_id, actual_recycle_date, current_period, overdue_status, overdue_date, version_no, active_status, sync_status, active_deduct_application_uuid, repurchase_status, financial_contract_uuid, asset_finger_print, asset_extra_fee_finger_print, asset_finger_print_update_time, asset_extra_fee_finger_print_update_time, plan_type, write_off_reason, can_be_rollbacked, time_interval, deduction_status, executing_status, executing_status_bak, customer_uuid, contract_uuid, contract_funding_status, version_lock, order_payment_status, repay_schedule_no, outer_repayment_plan_no) VALUES (0, 0, 1007.00, 1000.00, 5.00, 1005.00, '2018-05-01', null, 0.00, 0, 1, 0, null, '79477ff7-2ac6-407a-8720-1c873158653f', '2018-03-01 14:35:04', '2018-03-01 14:35:04', null, 'ZC166596239040761856', 422359, null, 2, 0, null, -966884047, 0, 0, 'empty_deduct_uuid', null, '2495a5ce-094e-4eb6-9fb9-95454b138427', 'a3df4f15e2c2414fb39726bbe99ecb83', '89f857f1de56320cd876680605c6adb0', '2018-03-01 14:35:04', '2018-03-01 14:35:04', 0, 0, 0, 0, 0, 0, 0, 'baa92027-5346-4246-9a14-53c743e74f60', 'fa3e7d96-9d22-44f9-8d75-03750f13073c', null, 'd6b3e78d-eba6-4ea9-8e50-4fb2f21c0c1a', 0, null, null);
INSERT INTO asset_set (guarantee_status, settlement_status, asset_fair_value, asset_principal_value, asset_interest_value, asset_initial_value, asset_recycle_date, confirm_recycle_date, refund_amount, asset_status, on_account_status, repayment_plan_type, last_valuation_time, asset_uuid, create_time, last_modified_time, comment, single_loan_contract_no, contract_id, actual_recycle_date, current_period, overdue_status, overdue_date, version_no, active_status, sync_status, active_deduct_application_uuid, repurchase_status, financial_contract_uuid, asset_finger_print, asset_extra_fee_finger_print, asset_finger_print_update_time, asset_extra_fee_finger_print_update_time, plan_type, write_off_reason, can_be_rollbacked, time_interval, deduction_status, executing_status, executing_status_bak, customer_uuid, contract_uuid, contract_funding_status, version_lock, order_payment_status, repay_schedule_no, outer_repayment_plan_no) VALUES (0, 0, 1009.00, 1000.00, 6.00, 1006.00, '2018-06-01', null, 0.00, 0, 1, 0, null, 'e602d69a-f951-4bcd-91eb-935dbc623d29', '2018-03-01 14:35:04', '2018-03-01 14:35:04', null, 'ZC166596239074316288', 422359, null, 3, 0, null, -966884047, 0, 0, 'empty_deduct_uuid', null, '2495a5ce-094e-4eb6-9fb9-95454b138427', '315613878f5f6e06be1cd7c9971344fb', 'a9471a07c2af194dd85703ec834fb1f8', '2018-03-01 14:35:04', '2018-03-01 14:35:04', 0, 0, 0, 0, 0, 0, 0, 'baa92027-5346-4246-9a14-53c743e74f60', 'fa3e7d96-9d22-44f9-8d75-03750f13073c', null, 'd343e1d3-3b6a-4e1c-bc8c-cdea52ffea4b', 0, null, null);

INSERT INTO asset_set_history (guarantee_status, settlement_status, asset_fair_value, asset_principal_value, asset_interest_value, asset_initial_value, asset_recycle_date, confirm_recycle_date, refund_amount, asset_status, on_account_status, repayment_plan_type, last_valuation_time, asset_uuid, create_time, last_modified_time, comment, single_loan_contract_no, contract_id, actual_recycle_date, current_period, overdue_status, overdue_date, version_no, active_status, sync_status, active_deduct_application_uuid, repurchase_status, financial_contract_uuid, asset_finger_print, asset_extra_fee_finger_print, asset_finger_print_update_time, asset_extra_fee_finger_print_update_time, plan_type, write_off_reason, can_be_rollbacked, time_interval, deduction_status, executing_status, executing_status_bak, customer_uuid, contract_uuid, contract_funding_status, version_lock, order_payment_status, repay_schedule_no, outer_repayment_plan_no) VALUES (0, 0, 1000.00, 1000.00, 0.00, 1000.00, '2018-03-01', null, 0.00, 0, 1, 0, '2018-03-01 14:37:45', 'bda8058d-bd9c-4d76-a161-8595a9397e9b', '2018-03-01 14:37:45', '2018-03-01 14:37:27', null, 'ZC166596913908428800', 422360, null, 1, 0, null, 1, 1, 0, 'write_off_uuid', null, '2495a5ce-094e-4eb6-9fb9-95454b138427', 'a7e2f9783cb59c6a23039cfd36325b3e', '00bfd64b58361d989ac8bf13dccc3c9b', '2018-03-01 14:37:45', '2018-03-01 14:37:45', 0, 1, 0, 1, 0, 6, 0, 'edbfbf29-92b6-44ae-b16d-5c81d5072fb5', 'b6806f80-7242-422d-b5da-dc720c6b31c6', null, '86946960-e57a-4af8-8259-7a27a010e801', 0, null, null);
INSERT INTO asset_set_history (guarantee_status, settlement_status, asset_fair_value, asset_principal_value, asset_interest_value, asset_initial_value, asset_recycle_date, confirm_recycle_date, refund_amount, asset_status, on_account_status, repayment_plan_type, last_valuation_time, asset_uuid, create_time, last_modified_time, comment, single_loan_contract_no, contract_id, actual_recycle_date, current_period, overdue_status, overdue_date, version_no, active_status, sync_status, active_deduct_application_uuid, repurchase_status, financial_contract_uuid, asset_finger_print, asset_extra_fee_finger_print, asset_finger_print_update_time, asset_extra_fee_finger_print_update_time, plan_type, write_off_reason, can_be_rollbacked, time_interval, deduction_status, executing_status, executing_status_bak, customer_uuid, contract_uuid, contract_funding_status, version_lock, order_payment_status, repay_schedule_no, outer_repayment_plan_no) VALUES (0, 0, 1000.00, 1000.00, 0.00, 1000.00, '2018-05-01', null, 0.00, 0, 1, 0, null, 'bddcf44a-3c1f-4bec-9378-d7b4d0244db9', '2018-03-01 14:37:45', '2018-03-01 14:37:27', null, 'ZC166596913929400320', 422360, null, 2, 0, null, 1, 1, 0, 'write_off_uuid', null, '2495a5ce-094e-4eb6-9fb9-95454b138427', '1481a15809e96718b7f6f8da74f0e3bf', '00bfd64b58361d989ac8bf13dccc3c9b', '2018-03-01 14:37:45', '2018-03-01 14:37:45', 0, 1, 0, 0, 0, 6, 0, 'edbfbf29-92b6-44ae-b16d-5c81d5072fb5', 'b6806f80-7242-422d-b5da-dc720c6b31c6', null, '192eff4a-5ab1-4597-b202-4e608d0075b3', 0, null, null);
INSERT INTO asset_set_history (guarantee_status, settlement_status, asset_fair_value, asset_principal_value, asset_interest_value, asset_initial_value, asset_recycle_date, confirm_recycle_date, refund_amount, asset_status, on_account_status, repayment_plan_type, last_valuation_time, asset_uuid, create_time, last_modified_time, comment, single_loan_contract_no, contract_id, actual_recycle_date, current_period, overdue_status, overdue_date, version_no, active_status, sync_status, active_deduct_application_uuid, repurchase_status, financial_contract_uuid, asset_finger_print, asset_extra_fee_finger_print, asset_finger_print_update_time, asset_extra_fee_finger_print_update_time, plan_type, write_off_reason, can_be_rollbacked, time_interval, deduction_status, executing_status, executing_status_bak, customer_uuid, contract_uuid, contract_funding_status, version_lock, order_payment_status, repay_schedule_no, outer_repayment_plan_no) VALUES (0, 0, 1000.00, 1000.00, 0.00, 1000.00, '2018-06-01', null, 0.00, 0, 1, 0, null, '2f3f7b94-3a1f-4893-97d6-30ba1bfbe195', '2018-03-01 14:37:45', '2018-03-01 14:37:27', null, 'ZC166596913946177536', 422360, null, 3, 0, null, 1, 1, 0, 'write_off_uuid', null, '2495a5ce-094e-4eb6-9fb9-95454b138427', '7fd1f0f16e3538a26ff86f462b2eaf7c', '00bfd64b58361d989ac8bf13dccc3c9b', '2018-03-01 14:37:45', '2018-03-01 14:37:45', 0, 1, 0, 0, 0, 6, 0, 'edbfbf29-92b6-44ae-b16d-5c81d5072fb5', 'b6806f80-7242-422d-b5da-dc720c6b31c6', null, '6ec233d5-7683-4abc-be5b-3de81c195ff3', 0, null, null);
INSERT INTO asset_set_history (guarantee_status, settlement_status, asset_fair_value, asset_principal_value, asset_interest_value, asset_initial_value, asset_recycle_date, confirm_recycle_date, refund_amount, asset_status, on_account_status, repayment_plan_type, last_valuation_time, asset_uuid, create_time, last_modified_time, comment, single_loan_contract_no, contract_id, actual_recycle_date, current_period, overdue_status, overdue_date, version_no, active_status, sync_status, active_deduct_application_uuid, repurchase_status, financial_contract_uuid, asset_finger_print, asset_extra_fee_finger_print, asset_finger_print_update_time, asset_extra_fee_finger_print_update_time, plan_type, write_off_reason, can_be_rollbacked, time_interval, deduction_status, executing_status, executing_status_bak, customer_uuid, contract_uuid, contract_funding_status, version_lock, order_payment_status, repay_schedule_no, outer_repayment_plan_no) VALUES (0, 0, 1000.00, 1000.00, 0.00, 1000.00, '2018-03-01', null, 0.00, 0, 1, 0, '2018-03-01 14:35:03', 'db197f03-d90b-4d6e-887d-e5fdae21ab22', '2018-03-01 14:35:02', '2018-03-01 14:35:04', null, 'ZC166596233181278208', 422359, null, 1, 0, null, 1, 1, 0, 'write_off_uuid', null, '2495a5ce-094e-4eb6-9fb9-95454b138427', 'a7e2f9783cb59c6a23039cfd36325b3e', '00bfd64b58361d989ac8bf13dccc3c9b', '2018-03-01 14:35:02', '2018-03-01 14:35:02', 0, 1, 0, 1, 0, 6, 0, 'baa92027-5346-4246-9a14-53c743e74f60', 'fa3e7d96-9d22-44f9-8d75-03750f13073c', null, '54bc4b02-819e-4e1c-87e0-780f2e4418c3', 0, null, null);
INSERT INTO asset_set_history (guarantee_status, settlement_status, asset_fair_value, asset_principal_value, asset_interest_value, asset_initial_value, asset_recycle_date, confirm_recycle_date, refund_amount, asset_status, on_account_status, repayment_plan_type, last_valuation_time, asset_uuid, create_time, last_modified_time, comment, single_loan_contract_no, contract_id, actual_recycle_date, current_period, overdue_status, overdue_date, version_no, active_status, sync_status, active_deduct_application_uuid, repurchase_status, financial_contract_uuid, asset_finger_print, asset_extra_fee_finger_print, asset_finger_print_update_time, asset_extra_fee_finger_print_update_time, plan_type, write_off_reason, can_be_rollbacked, time_interval, deduction_status, executing_status, executing_status_bak, customer_uuid, contract_uuid, contract_funding_status, version_lock, order_payment_status, repay_schedule_no, outer_repayment_plan_no) VALUES (0, 0, 1000.00, 1000.00, 0.00, 1000.00, '2018-05-01', null, 0.00, 0, 1, 0, null, '5412b225-f89f-4f9c-94c9-e05b6508918e', '2018-03-01 14:35:02', '2018-03-01 14:35:04', null, 'ZC166596233277747200', 422359, null, 2, 0, null, 1, 1, 0, 'write_off_uuid', null, '2495a5ce-094e-4eb6-9fb9-95454b138427', '1481a15809e96718b7f6f8da74f0e3bf', '00bfd64b58361d989ac8bf13dccc3c9b', '2018-03-01 14:35:02', '2018-03-01 14:35:02', 0, 1, 0, 0, 0, 6, 0, 'baa92027-5346-4246-9a14-53c743e74f60', 'fa3e7d96-9d22-44f9-8d75-03750f13073c', null, 'c82d797a-e8b7-4e8c-b167-5a4ce5242381', 0, null, null);
INSERT INTO asset_set_history (guarantee_status, settlement_status, asset_fair_value, asset_principal_value, asset_interest_value, asset_initial_value, asset_recycle_date, confirm_recycle_date, refund_amount, asset_status, on_account_status, repayment_plan_type, last_valuation_time, asset_uuid, create_time, last_modified_time, comment, single_loan_contract_no, contract_id, actual_recycle_date, current_period, overdue_status, overdue_date, version_no, active_status, sync_status, active_deduct_application_uuid, repurchase_status, financial_contract_uuid, asset_finger_print, asset_extra_fee_finger_print, asset_finger_print_update_time, asset_extra_fee_finger_print_update_time, plan_type, write_off_reason, can_be_rollbacked, time_interval, deduction_status, executing_status, executing_status_bak, customer_uuid, contract_uuid, contract_funding_status, version_lock, order_payment_status, repay_schedule_no, outer_repayment_plan_no) VALUES (0, 0, 1000.00, 1000.00, 0.00, 1000.00, '2018-06-01', null, 0.00, 0, 1, 0, null, 'fead4aed-7b66-43a8-baa5-c2725ccb6f1c', '2018-03-01 14:35:02', '2018-03-01 14:35:04', null, 'ZC166596233298718720', 422359, null, 3, 0, null, 1, 1, 0, 'write_off_uuid', null, '2495a5ce-094e-4eb6-9fb9-95454b138427', '7fd1f0f16e3538a26ff86f462b2eaf7c', '00bfd64b58361d989ac8bf13dccc3c9b', '2018-03-01 14:35:02', '2018-03-01 14:35:02', 0, 1, 0, 0, 0, 6, 0, 'baa92027-5346-4246-9a14-53c743e74f60', 'fa3e7d96-9d22-44f9-8d75-03750f13073c', null, '6bfc7b28-17d0-4222-8bf7-af14ed62d429', 0, null, null);

INSERT INTO ledger_book_shelf (ledger_uuid, debit_balance, credit_balance, first_account_name, first_account_uuid, account_side, second_account_name, second_account_uuid, third_account_name, third_account_uuid, first_party_id, second_party_id, third_party_id, forward_ledger_uuid, backward_ledger_uuid, batch_serial_uuid, amortized_date, book_in_date, business_voucher_uuid, carried_over_date, contract_id, contract_uuid, default_date, journal_voucher_uuid, ledger_book_no, ledger_book_owner_id, life_cycle, related_lv_1_asset_outer_idenity, related_lv_1_asset_uuid, related_lv_2_asset_outer_idenity, related_lv_2_asset_uuid, related_lv_3_asset_outer_idenity, related_lv_3_asset_uuid, source_document_uuid) VALUES ('1505d070-167f-49fd-9ea9-85153b623c66', 0.00, 1000.00, 'FST_LONGTERM_LIABILITY', '40000', 0, 'SND_LONGTERM_LIABILITY_ABSORB_SAVING', '40000.01', null, null, 'cbf70764-ca28-11e7-b26b-525400dbb013', 'edbfbf29-92b6-44ae-b16d-5c81d5072fb5', null, null, null, '2f2585d1-7cb9-458a-b062-7624a37638bd', '2018-03-01', '2018-03-01 14:37:45', '', null, 422360, 'b6806f80-7242-422d-b5da-dc720c6b31c6', '2018-03-01 00:00:00', '', '445d31f8-0275-4f7e-9dec-acb582108c95', '41', 1, 'ZC166596913908428800', 'bda8058d-bd9c-4d76-a161-8595a9397e9b', null, null, null, null, '');
INSERT INTO ledger_book_shelf (ledger_uuid, debit_balance, credit_balance, first_account_name, first_account_uuid, account_side, second_account_name, second_account_uuid, third_account_name, third_account_uuid, first_party_id, second_party_id, third_party_id, forward_ledger_uuid, backward_ledger_uuid, batch_serial_uuid, amortized_date, book_in_date, business_voucher_uuid, carried_over_date, contract_id, contract_uuid, default_date, journal_voucher_uuid, ledger_book_no, ledger_book_owner_id, life_cycle, related_lv_1_asset_outer_idenity, related_lv_1_asset_uuid, related_lv_2_asset_outer_idenity, related_lv_2_asset_uuid, related_lv_3_asset_outer_idenity, related_lv_3_asset_uuid, source_document_uuid) VALUES ('9d28dcfc-05e2-4598-9886-92f91e174993', 1000.00, 0.00, 'FST_UNEARNED_LOAN_ASSET', '10000', 1, 'SND_UNEARNED_LOAN_ASSET_PRINCIPLE', '10000.02', null, null, 'cbf70764-ca28-11e7-b26b-525400dbb013', 'edbfbf29-92b6-44ae-b16d-5c81d5072fb5', null, null, null, '2f2585d1-7cb9-458a-b062-7624a37638bd', '2018-03-01', '2018-03-01 14:37:45', '', null, 422360, 'b6806f80-7242-422d-b5da-dc720c6b31c6', '2018-03-01 00:00:00', '', '445d31f8-0275-4f7e-9dec-acb582108c95', '41', 1, 'ZC166596913908428800', 'bda8058d-bd9c-4d76-a161-8595a9397e9b', null, null, null, null, '');
INSERT INTO ledger_book_shelf (ledger_uuid, debit_balance, credit_balance, first_account_name, first_account_uuid, account_side, second_account_name, second_account_uuid, third_account_name, third_account_uuid, first_party_id, second_party_id, third_party_id, forward_ledger_uuid, backward_ledger_uuid, batch_serial_uuid, amortized_date, book_in_date, business_voucher_uuid, carried_over_date, contract_id, contract_uuid, default_date, journal_voucher_uuid, ledger_book_no, ledger_book_owner_id, life_cycle, related_lv_1_asset_outer_idenity, related_lv_1_asset_uuid, related_lv_2_asset_outer_idenity, related_lv_2_asset_uuid, related_lv_3_asset_outer_idenity, related_lv_3_asset_uuid, source_document_uuid) VALUES ('a3fb2c8f-a125-4117-901e-91efaa04e6fc', 0.00, 1000.00, 'FST_LONGTERM_LIABILITY', '40000', 0, 'SND_LONGTERM_LIABILITY_ABSORB_SAVING', '40000.01', null, null, 'cbf70764-ca28-11e7-b26b-525400dbb013', 'edbfbf29-92b6-44ae-b16d-5c81d5072fb5', null, null, null, '131b9f3b-6c44-4801-b67a-ff3cc1128733', '2018-05-01', '2018-03-01 14:37:45', '', null, 422360, 'b6806f80-7242-422d-b5da-dc720c6b31c6', '2018-05-01 00:00:00', '', '445d31f8-0275-4f7e-9dec-acb582108c95', '41', 1, 'ZC166596913929400320', 'bddcf44a-3c1f-4bec-9378-d7b4d0244db9', null, null, null, null, '');
INSERT INTO ledger_book_shelf (ledger_uuid, debit_balance, credit_balance, first_account_name, first_account_uuid, account_side, second_account_name, second_account_uuid, third_account_name, third_account_uuid, first_party_id, second_party_id, third_party_id, forward_ledger_uuid, backward_ledger_uuid, batch_serial_uuid, amortized_date, book_in_date, business_voucher_uuid, carried_over_date, contract_id, contract_uuid, default_date, journal_voucher_uuid, ledger_book_no, ledger_book_owner_id, life_cycle, related_lv_1_asset_outer_idenity, related_lv_1_asset_uuid, related_lv_2_asset_outer_idenity, related_lv_2_asset_uuid, related_lv_3_asset_outer_idenity, related_lv_3_asset_uuid, source_document_uuid) VALUES ('9a8bf514-61af-45c7-8e4f-aa8e0b5d98e2', 1000.00, 0.00, 'FST_UNEARNED_LOAN_ASSET', '10000', 1, 'SND_UNEARNED_LOAN_ASSET_PRINCIPLE', '10000.02', null, null, 'cbf70764-ca28-11e7-b26b-525400dbb013', 'edbfbf29-92b6-44ae-b16d-5c81d5072fb5', null, null, null, '131b9f3b-6c44-4801-b67a-ff3cc1128733', '2018-05-01', '2018-03-01 14:37:45', '', null, 422360, 'b6806f80-7242-422d-b5da-dc720c6b31c6', '2018-05-01 00:00:00', '', '445d31f8-0275-4f7e-9dec-acb582108c95', '41', 1, 'ZC166596913929400320', 'bddcf44a-3c1f-4bec-9378-d7b4d0244db9', null, null, null, null, '');
INSERT INTO ledger_book_shelf (ledger_uuid, debit_balance, credit_balance, first_account_name, first_account_uuid, account_side, second_account_name, second_account_uuid, third_account_name, third_account_uuid, first_party_id, second_party_id, third_party_id, forward_ledger_uuid, backward_ledger_uuid, batch_serial_uuid, amortized_date, book_in_date, business_voucher_uuid, carried_over_date, contract_id, contract_uuid, default_date, journal_voucher_uuid, ledger_book_no, ledger_book_owner_id, life_cycle, related_lv_1_asset_outer_idenity, related_lv_1_asset_uuid, related_lv_2_asset_outer_idenity, related_lv_2_asset_uuid, related_lv_3_asset_outer_idenity, related_lv_3_asset_uuid, source_document_uuid) VALUES ('dff1f55e-fe62-45de-806b-fd0417163a06', 0.00, 1000.00, 'FST_LONGTERM_LIABILITY', '40000', 0, 'SND_LONGTERM_LIABILITY_ABSORB_SAVING', '40000.01', null, null, 'cbf70764-ca28-11e7-b26b-525400dbb013', 'edbfbf29-92b6-44ae-b16d-5c81d5072fb5', null, null, null, 'dde9a02a-d9a0-44f4-9543-f4df4c40eafc', '2018-06-01', '2018-03-01 14:37:45', '', null, 422360, 'b6806f80-7242-422d-b5da-dc720c6b31c6', '2018-06-01 00:00:00', '', '445d31f8-0275-4f7e-9dec-acb582108c95', '41', 1, 'ZC166596913946177536', '2f3f7b94-3a1f-4893-97d6-30ba1bfbe195', null, null, null, null, '');
INSERT INTO ledger_book_shelf (ledger_uuid, debit_balance, credit_balance, first_account_name, first_account_uuid, account_side, second_account_name, second_account_uuid, third_account_name, third_account_uuid, first_party_id, second_party_id, third_party_id, forward_ledger_uuid, backward_ledger_uuid, batch_serial_uuid, amortized_date, book_in_date, business_voucher_uuid, carried_over_date, contract_id, contract_uuid, default_date, journal_voucher_uuid, ledger_book_no, ledger_book_owner_id, life_cycle, related_lv_1_asset_outer_idenity, related_lv_1_asset_uuid, related_lv_2_asset_outer_idenity, related_lv_2_asset_uuid, related_lv_3_asset_outer_idenity, related_lv_3_asset_uuid, source_document_uuid) VALUES ('9a08e302-4086-4f13-a117-4f6492e2d479', 1000.00, 0.00, 'FST_UNEARNED_LOAN_ASSET', '10000', 1, 'SND_UNEARNED_LOAN_ASSET_PRINCIPLE', '10000.02', null, null, 'cbf70764-ca28-11e7-b26b-525400dbb013', 'edbfbf29-92b6-44ae-b16d-5c81d5072fb5', null, null, null, 'dde9a02a-d9a0-44f4-9543-f4df4c40eafc', '2018-06-01', '2018-03-01 14:37:45', '', null, 422360, 'b6806f80-7242-422d-b5da-dc720c6b31c6', '2018-06-01 00:00:00', '', '445d31f8-0275-4f7e-9dec-acb582108c95', '41', 1, 'ZC166596913946177536', '2f3f7b94-3a1f-4893-97d6-30ba1bfbe195', null, null, null, null, '');
INSERT INTO ledger_book_shelf (ledger_uuid, debit_balance, credit_balance, first_account_name, first_account_uuid, account_side, second_account_name, second_account_uuid, third_account_name, third_account_uuid, first_party_id, second_party_id, third_party_id, forward_ledger_uuid, backward_ledger_uuid, batch_serial_uuid, amortized_date, book_in_date, business_voucher_uuid, carried_over_date, contract_id, contract_uuid, default_date, journal_voucher_uuid, ledger_book_no, ledger_book_owner_id, life_cycle, related_lv_1_asset_outer_idenity, related_lv_1_asset_uuid, related_lv_2_asset_outer_idenity, related_lv_2_asset_uuid, related_lv_3_asset_outer_idenity, related_lv_3_asset_uuid, source_document_uuid) VALUES ('1aeb7dad-58df-49b1-b180-20ba1df14802', 0.00, 1000.00, 'FST_UNEARNED_LOAN_ASSET', '10000', 1, 'SND_UNEARNED_LOAN_ASSET_PRINCIPLE', '10000.02', null, null, 'cbf70764-ca28-11e7-b26b-525400dbb013', 'edbfbf29-92b6-44ae-b16d-5c81d5072fb5', null, 'd740303c-45fb-4ee5-834c-74c118967c11', null, '0f859926-ce89-4ea3-a779-7904c07efdb3', '2018-03-01', '2018-03-01 14:37:45', null, null, 422360, 'b6806f80-7242-422d-b5da-dc720c6b31c6', '2018-03-01 00:00:00', null, '445d31f8-0275-4f7e-9dec-acb582108c95', '41', 1, 'ZC166596913908428800', 'bda8058d-bd9c-4d76-a161-8595a9397e9b', null, null, null, null, null);
INSERT INTO ledger_book_shelf (ledger_uuid, debit_balance, credit_balance, first_account_name, first_account_uuid, account_side, second_account_name, second_account_uuid, third_account_name, third_account_uuid, first_party_id, second_party_id, third_party_id, forward_ledger_uuid, backward_ledger_uuid, batch_serial_uuid, amortized_date, book_in_date, business_voucher_uuid, carried_over_date, contract_id, contract_uuid, default_date, journal_voucher_uuid, ledger_book_no, ledger_book_owner_id, life_cycle, related_lv_1_asset_outer_idenity, related_lv_1_asset_uuid, related_lv_2_asset_outer_idenity, related_lv_2_asset_uuid, related_lv_3_asset_outer_idenity, related_lv_3_asset_uuid, source_document_uuid) VALUES ('d740303c-45fb-4ee5-834c-74c118967c11', 1000.00, 0.00, 'FST_RECIEVABLE_ASSET', '20000', 1, 'SND_RECIEVABLE_LOAN_ASSET', '20000.01', 'TRD_RECIEVABLE_LOAN_ASSET_PRINCIPLE', '20000.01.01', 'cbf70764-ca28-11e7-b26b-525400dbb013', 'edbfbf29-92b6-44ae-b16d-5c81d5072fb5', null, null, '1aeb7dad-58df-49b1-b180-20ba1df14802', '0f859926-ce89-4ea3-a779-7904c07efdb3', '2018-03-01', '2018-03-01 14:37:45', null, null, 422360, 'b6806f80-7242-422d-b5da-dc720c6b31c6', '2018-03-01 00:00:00', null, '445d31f8-0275-4f7e-9dec-acb582108c95', '41', 1, 'ZC166596913908428800', 'bda8058d-bd9c-4d76-a161-8595a9397e9b', null, null, null, null, null);
INSERT INTO ledger_book_shelf (ledger_uuid, debit_balance, credit_balance, first_account_name, first_account_uuid, account_side, second_account_name, second_account_uuid, third_account_name, third_account_uuid, first_party_id, second_party_id, third_party_id, forward_ledger_uuid, backward_ledger_uuid, batch_serial_uuid, amortized_date, book_in_date, business_voucher_uuid, carried_over_date, contract_id, contract_uuid, default_date, journal_voucher_uuid, ledger_book_no, ledger_book_owner_id, life_cycle, related_lv_1_asset_outer_idenity, related_lv_1_asset_uuid, related_lv_2_asset_outer_idenity, related_lv_2_asset_uuid, related_lv_3_asset_outer_idenity, related_lv_3_asset_uuid, source_document_uuid) VALUES ('1b5c4bee-62fb-4e00-b395-9cf7a7491d70', 1000.00, 0.00, 'FST_LONGTERM_LIABILITY', '40000', 0, 'SND_LONGTERM_LIABILITY_ABSORB_SAVING', '40000.01', null, null, 'cbf70764-ca28-11e7-b26b-525400dbb013', 'edbfbf29-92b6-44ae-b16d-5c81d5072fb5', null, null, null, '57e5fcb1-f35d-4cf3-846d-7ffe4395e92e', '2018-03-01', '2018-03-01 14:37:27', '', null, 422360, 'b6806f80-7242-422d-b5da-dc720c6b31c6', '2018-03-01 00:00:00', '', '445d31f8-0275-4f7e-9dec-acb582108c95', '41', 1, 'ZC166596913908428800', 'bda8058d-bd9c-4d76-a161-8595a9397e9b', null, null, null, null, '');
INSERT INTO ledger_book_shelf (ledger_uuid, debit_balance, credit_balance, first_account_name, first_account_uuid, account_side, second_account_name, second_account_uuid, third_account_name, third_account_uuid, first_party_id, second_party_id, third_party_id, forward_ledger_uuid, backward_ledger_uuid, batch_serial_uuid, amortized_date, book_in_date, business_voucher_uuid, carried_over_date, contract_id, contract_uuid, default_date, journal_voucher_uuid, ledger_book_no, ledger_book_owner_id, life_cycle, related_lv_1_asset_outer_idenity, related_lv_1_asset_uuid, related_lv_2_asset_outer_idenity, related_lv_2_asset_uuid, related_lv_3_asset_outer_idenity, related_lv_3_asset_uuid, source_document_uuid) VALUES ('4c86c8e0-3219-41b5-b975-51ebb93dfab8', 0.00, 1000.00, 'FST_RECIEVABLE_ASSET', '20000', 1, 'SND_RECIEVABLE_LOAN_ASSET', '20000.01', 'TRD_RECIEVABLE_LOAN_ASSET_PRINCIPLE', '20000.01.01', 'cbf70764-ca28-11e7-b26b-525400dbb013', 'edbfbf29-92b6-44ae-b16d-5c81d5072fb5', null, null, null, '57e5fcb1-f35d-4cf3-846d-7ffe4395e92e', '2018-03-01', '2018-03-01 14:37:27', '', null, 422360, 'b6806f80-7242-422d-b5da-dc720c6b31c6', '2018-03-01 00:00:00', '', '445d31f8-0275-4f7e-9dec-acb582108c95', '41', 1, 'ZC166596913908428800', 'bda8058d-bd9c-4d76-a161-8595a9397e9b', null, null, null, null, '');
INSERT INTO ledger_book_shelf (ledger_uuid, debit_balance, credit_balance, first_account_name, first_account_uuid, account_side, second_account_name, second_account_uuid, third_account_name, third_account_uuid, first_party_id, second_party_id, third_party_id, forward_ledger_uuid, backward_ledger_uuid, batch_serial_uuid, amortized_date, book_in_date, business_voucher_uuid, carried_over_date, contract_id, contract_uuid, default_date, journal_voucher_uuid, ledger_book_no, ledger_book_owner_id, life_cycle, related_lv_1_asset_outer_idenity, related_lv_1_asset_uuid, related_lv_2_asset_outer_idenity, related_lv_2_asset_uuid, related_lv_3_asset_outer_idenity, related_lv_3_asset_uuid, source_document_uuid) VALUES ('7c10b0d9-1fce-4a99-abbc-75e64cdc01d6', 1000.00, 0.00, 'FST_LONGTERM_LIABILITY', '40000', 0, 'SND_LONGTERM_LIABILITY_ABSORB_SAVING', '40000.01', null, null, 'cbf70764-ca28-11e7-b26b-525400dbb013', 'edbfbf29-92b6-44ae-b16d-5c81d5072fb5', null, null, null, 'fec323eb-2205-4baf-b270-2b4d56e5bd6d', '2018-05-01', '2018-03-01 14:37:27', '', null, 422360, 'b6806f80-7242-422d-b5da-dc720c6b31c6', '2018-05-01 00:00:00', '', '445d31f8-0275-4f7e-9dec-acb582108c95', '41', 1, 'ZC166596913929400320', 'bddcf44a-3c1f-4bec-9378-d7b4d0244db9', null, null, null, null, '');
INSERT INTO ledger_book_shelf (ledger_uuid, debit_balance, credit_balance, first_account_name, first_account_uuid, account_side, second_account_name, second_account_uuid, third_account_name, third_account_uuid, first_party_id, second_party_id, third_party_id, forward_ledger_uuid, backward_ledger_uuid, batch_serial_uuid, amortized_date, book_in_date, business_voucher_uuid, carried_over_date, contract_id, contract_uuid, default_date, journal_voucher_uuid, ledger_book_no, ledger_book_owner_id, life_cycle, related_lv_1_asset_outer_idenity, related_lv_1_asset_uuid, related_lv_2_asset_outer_idenity, related_lv_2_asset_uuid, related_lv_3_asset_outer_idenity, related_lv_3_asset_uuid, source_document_uuid) VALUES ('86ab8088-046a-46e3-a885-cbbfee827477', 0.00, 1000.00, 'FST_UNEARNED_LOAN_ASSET', '10000', 1, 'SND_UNEARNED_LOAN_ASSET_PRINCIPLE', '10000.02', null, null, 'cbf70764-ca28-11e7-b26b-525400dbb013', 'edbfbf29-92b6-44ae-b16d-5c81d5072fb5', null, null, null, 'fec323eb-2205-4baf-b270-2b4d56e5bd6d', '2018-05-01', '2018-03-01 14:37:27', '', null, 422360, 'b6806f80-7242-422d-b5da-dc720c6b31c6', '2018-05-01 00:00:00', '', '445d31f8-0275-4f7e-9dec-acb582108c95', '41', 1, 'ZC166596913929400320', 'bddcf44a-3c1f-4bec-9378-d7b4d0244db9', null, null, null, null, '');
INSERT INTO ledger_book_shelf (ledger_uuid, debit_balance, credit_balance, first_account_name, first_account_uuid, account_side, second_account_name, second_account_uuid, third_account_name, third_account_uuid, first_party_id, second_party_id, third_party_id, forward_ledger_uuid, backward_ledger_uuid, batch_serial_uuid, amortized_date, book_in_date, business_voucher_uuid, carried_over_date, contract_id, contract_uuid, default_date, journal_voucher_uuid, ledger_book_no, ledger_book_owner_id, life_cycle, related_lv_1_asset_outer_idenity, related_lv_1_asset_uuid, related_lv_2_asset_outer_idenity, related_lv_2_asset_uuid, related_lv_3_asset_outer_idenity, related_lv_3_asset_uuid, source_document_uuid) VALUES ('f368d1b1-c9d3-4b6d-97f3-bf110b6e96ce', 1000.00, 0.00, 'FST_LONGTERM_LIABILITY', '40000', 0, 'SND_LONGTERM_LIABILITY_ABSORB_SAVING', '40000.01', null, null, 'cbf70764-ca28-11e7-b26b-525400dbb013', 'edbfbf29-92b6-44ae-b16d-5c81d5072fb5', null, null, null, 'e9ace6fc-eb63-4cd9-950d-097bcbc3bb37', '2018-06-01', '2018-03-01 14:37:27', '', null, 422360, 'b6806f80-7242-422d-b5da-dc720c6b31c6', '2018-06-01 00:00:00', '', '445d31f8-0275-4f7e-9dec-acb582108c95', '41', 1, 'ZC166596913946177536', '2f3f7b94-3a1f-4893-97d6-30ba1bfbe195', null, null, null, null, '');
INSERT INTO ledger_book_shelf (ledger_uuid, debit_balance, credit_balance, first_account_name, first_account_uuid, account_side, second_account_name, second_account_uuid, third_account_name, third_account_uuid, first_party_id, second_party_id, third_party_id, forward_ledger_uuid, backward_ledger_uuid, batch_serial_uuid, amortized_date, book_in_date, business_voucher_uuid, carried_over_date, contract_id, contract_uuid, default_date, journal_voucher_uuid, ledger_book_no, ledger_book_owner_id, life_cycle, related_lv_1_asset_outer_idenity, related_lv_1_asset_uuid, related_lv_2_asset_outer_idenity, related_lv_2_asset_uuid, related_lv_3_asset_outer_idenity, related_lv_3_asset_uuid, source_document_uuid) VALUES ('95852521-18ca-406c-94d7-272ae759ae91', 0.00, 1000.00, 'FST_UNEARNED_LOAN_ASSET', '10000', 1, 'SND_UNEARNED_LOAN_ASSET_PRINCIPLE', '10000.02', null, null, 'cbf70764-ca28-11e7-b26b-525400dbb013', 'edbfbf29-92b6-44ae-b16d-5c81d5072fb5', null, null, null, 'e9ace6fc-eb63-4cd9-950d-097bcbc3bb37', '2018-06-01', '2018-03-01 14:37:27', '', null, 422360, 'b6806f80-7242-422d-b5da-dc720c6b31c6', '2018-06-01 00:00:00', '', '445d31f8-0275-4f7e-9dec-acb582108c95', '41', 1, 'ZC166596913946177536', '2f3f7b94-3a1f-4893-97d6-30ba1bfbe195', null, null, null, null, '');
INSERT INTO ledger_book_shelf (ledger_uuid, debit_balance, credit_balance, first_account_name, first_account_uuid, account_side, second_account_name, second_account_uuid, third_account_name, third_account_uuid, first_party_id, second_party_id, third_party_id, forward_ledger_uuid, backward_ledger_uuid, batch_serial_uuid, amortized_date, book_in_date, business_voucher_uuid, carried_over_date, contract_id, contract_uuid, default_date, journal_voucher_uuid, ledger_book_no, ledger_book_owner_id, life_cycle, related_lv_1_asset_outer_idenity, related_lv_1_asset_uuid, related_lv_2_asset_outer_idenity, related_lv_2_asset_uuid, related_lv_3_asset_outer_idenity, related_lv_3_asset_uuid, source_document_uuid) VALUES ('ad73a62a-5f3b-4c70-9ada-4bdee04faa38', 0.00, 3000.00, 'FST_LONGTERM_LIABILITY', '40000', 0, 'SND_LONGTERM_LIABILITY_ABSORB_SAVING', '40000.01', null, null, 'cbf70764-ca28-11e7-b26b-525400dbb013', 'edbfbf29-92b6-44ae-b16d-5c81d5072fb5', null, null, null, '0f675abb-aae0-419f-9afe-c00ddfeeef21', '2018-03-01', '2018-03-01 14:37:27', '', null, 422360, 'b6806f80-7242-422d-b5da-dc720c6b31c6', '2018-03-01 00:00:00', '', '445d31f8-0275-4f7e-9dec-acb582108c95', '41', 1, 'ZC166596841175044096', '24fcfdd0-fb41-4c03-a0a9-a73378032bf4', null, null, null, null, '');
INSERT INTO ledger_book_shelf (ledger_uuid, debit_balance, credit_balance, first_account_name, first_account_uuid, account_side, second_account_name, second_account_uuid, third_account_name, third_account_uuid, first_party_id, second_party_id, third_party_id, forward_ledger_uuid, backward_ledger_uuid, batch_serial_uuid, amortized_date, book_in_date, business_voucher_uuid, carried_over_date, contract_id, contract_uuid, default_date, journal_voucher_uuid, ledger_book_no, ledger_book_owner_id, life_cycle, related_lv_1_asset_outer_idenity, related_lv_1_asset_uuid, related_lv_2_asset_outer_idenity, related_lv_2_asset_uuid, related_lv_3_asset_outer_idenity, related_lv_3_asset_uuid, source_document_uuid) VALUES ('019b48b2-17f4-4307-a578-e708dac3d70b', 3000.00, 0.00, 'FST_UNEARNED_LOAN_ASSET', '10000', 1, 'SND_UNEARNED_LOAN_ASSET_PRINCIPLE', '10000.02', null, null, 'cbf70764-ca28-11e7-b26b-525400dbb013', 'edbfbf29-92b6-44ae-b16d-5c81d5072fb5', null, null, null, '0f675abb-aae0-419f-9afe-c00ddfeeef21', '2018-03-01', '2018-03-01 14:37:27', '', null, 422360, 'b6806f80-7242-422d-b5da-dc720c6b31c6', '2018-03-01 00:00:00', '', '445d31f8-0275-4f7e-9dec-acb582108c95', '41', 1, 'ZC166596841175044096', '24fcfdd0-fb41-4c03-a0a9-a73378032bf4', null, null, null, null, '');
INSERT INTO ledger_book_shelf (ledger_uuid, debit_balance, credit_balance, first_account_name, first_account_uuid, account_side, second_account_name, second_account_uuid, third_account_name, third_account_uuid, first_party_id, second_party_id, third_party_id, forward_ledger_uuid, backward_ledger_uuid, batch_serial_uuid, amortized_date, book_in_date, business_voucher_uuid, carried_over_date, contract_id, contract_uuid, default_date, journal_voucher_uuid, ledger_book_no, ledger_book_owner_id, life_cycle, related_lv_1_asset_outer_idenity, related_lv_1_asset_uuid, related_lv_2_asset_outer_idenity, related_lv_2_asset_uuid, related_lv_3_asset_outer_idenity, related_lv_3_asset_uuid, source_document_uuid) VALUES ('8b3c0296-63be-41b8-954c-99c1e4ba5dae', 0.00, 3000.00, 'FST_UNEARNED_LOAN_ASSET', '10000', 1, 'SND_UNEARNED_LOAN_ASSET_PRINCIPLE', '10000.02', null, null, 'cbf70764-ca28-11e7-b26b-525400dbb013', 'edbfbf29-92b6-44ae-b16d-5c81d5072fb5', null, 'b1daee41-a451-4cec-bcab-4e5c59b356a9', null, 'aa1c78e7-b1e7-4d3b-8809-ce2894f535df', '2018-03-01', '2018-03-01 14:37:27', null, null, 422360, 'b6806f80-7242-422d-b5da-dc720c6b31c6', '2018-03-01 00:00:00', null, '445d31f8-0275-4f7e-9dec-acb582108c95', '41', 1, 'ZC166596841175044096', '24fcfdd0-fb41-4c03-a0a9-a73378032bf4', null, null, null, null, null);
INSERT INTO ledger_book_shelf (ledger_uuid, debit_balance, credit_balance, first_account_name, first_account_uuid, account_side, second_account_name, second_account_uuid, third_account_name, third_account_uuid, first_party_id, second_party_id, third_party_id, forward_ledger_uuid, backward_ledger_uuid, batch_serial_uuid, amortized_date, book_in_date, business_voucher_uuid, carried_over_date, contract_id, contract_uuid, default_date, journal_voucher_uuid, ledger_book_no, ledger_book_owner_id, life_cycle, related_lv_1_asset_outer_idenity, related_lv_1_asset_uuid, related_lv_2_asset_outer_idenity, related_lv_2_asset_uuid, related_lv_3_asset_outer_idenity, related_lv_3_asset_uuid, source_document_uuid) VALUES ('b1daee41-a451-4cec-bcab-4e5c59b356a9', 3000.00, 0.00, 'FST_RECIEVABLE_ASSET', '20000', 1, 'SND_RECIEVABLE_LOAN_ASSET', '20000.01', 'TRD_RECIEVABLE_LOAN_ASSET_PRINCIPLE', '20000.01.01', 'cbf70764-ca28-11e7-b26b-525400dbb013', 'edbfbf29-92b6-44ae-b16d-5c81d5072fb5', null, null, '8b3c0296-63be-41b8-954c-99c1e4ba5dae', 'aa1c78e7-b1e7-4d3b-8809-ce2894f535df', '2018-03-01', '2018-03-01 14:37:27', null, null, 422360, 'b6806f80-7242-422d-b5da-dc720c6b31c6', '2018-03-01 00:00:00', null, '445d31f8-0275-4f7e-9dec-acb582108c95', '41', 1, 'ZC166596841175044096', '24fcfdd0-fb41-4c03-a0a9-a73378032bf4', null, null, null, null, null);

INSERT INTO ledger_book_shelf (ledger_uuid, debit_balance, credit_balance, first_account_name, first_account_uuid, account_side, second_account_name, second_account_uuid, third_account_name, third_account_uuid, first_party_id, second_party_id, third_party_id, forward_ledger_uuid, backward_ledger_uuid, batch_serial_uuid, amortized_date, book_in_date, business_voucher_uuid, carried_over_date, contract_id, contract_uuid, default_date, journal_voucher_uuid, ledger_book_no, ledger_book_owner_id, life_cycle, related_lv_1_asset_outer_idenity, related_lv_1_asset_uuid, related_lv_2_asset_outer_idenity, related_lv_2_asset_uuid, related_lv_3_asset_outer_idenity, related_lv_3_asset_uuid, source_document_uuid) VALUES ('043cbc89-21f5-4528-8040-591be6072b93', 0.00, 1000.00, 'FST_LONGTERM_LIABILITY', '40000', 0, 'SND_LONGTERM_LIABILITY_ABSORB_SAVING', '40000.01', null, null, 'cbf70764-ca28-11e7-b26b-525400dbb013', 'baa92027-5346-4246-9a14-53c743e74f60', null, null, null, '3b061e37-9edb-4b75-bcd5-10fae421cf68', '2018-03-01', '2018-03-01 14:35:02', '', null, 422359, 'fa3e7d96-9d22-44f9-8d75-03750f13073c', '2018-03-01 00:00:00', '', '445d31f8-0275-4f7e-9dec-acb582108c95', '41', 1, 'ZC166596233181278208', 'db197f03-d90b-4d6e-887d-e5fdae21ab22', null, null, null, null, '');
INSERT INTO ledger_book_shelf (ledger_uuid, debit_balance, credit_balance, first_account_name, first_account_uuid, account_side, second_account_name, second_account_uuid, third_account_name, third_account_uuid, first_party_id, second_party_id, third_party_id, forward_ledger_uuid, backward_ledger_uuid, batch_serial_uuid, amortized_date, book_in_date, business_voucher_uuid, carried_over_date, contract_id, contract_uuid, default_date, journal_voucher_uuid, ledger_book_no, ledger_book_owner_id, life_cycle, related_lv_1_asset_outer_idenity, related_lv_1_asset_uuid, related_lv_2_asset_outer_idenity, related_lv_2_asset_uuid, related_lv_3_asset_outer_idenity, related_lv_3_asset_uuid, source_document_uuid) VALUES ('173cb914-6e84-4472-913a-f71574cf23b1', 1000.00, 0.00, 'FST_UNEARNED_LOAN_ASSET', '10000', 1, 'SND_UNEARNED_LOAN_ASSET_PRINCIPLE', '10000.02', null, null, 'cbf70764-ca28-11e7-b26b-525400dbb013', 'baa92027-5346-4246-9a14-53c743e74f60', null, null, null, '3b061e37-9edb-4b75-bcd5-10fae421cf68', '2018-03-01', '2018-03-01 14:35:02', '', null, 422359, 'fa3e7d96-9d22-44f9-8d75-03750f13073c', '2018-03-01 00:00:00', '', '445d31f8-0275-4f7e-9dec-acb582108c95', '41', 1, 'ZC166596233181278208', 'db197f03-d90b-4d6e-887d-e5fdae21ab22', null, null, null, null, '');
INSERT INTO ledger_book_shelf (ledger_uuid, debit_balance, credit_balance, first_account_name, first_account_uuid, account_side, second_account_name, second_account_uuid, third_account_name, third_account_uuid, first_party_id, second_party_id, third_party_id, forward_ledger_uuid, backward_ledger_uuid, batch_serial_uuid, amortized_date, book_in_date, business_voucher_uuid, carried_over_date, contract_id, contract_uuid, default_date, journal_voucher_uuid, ledger_book_no, ledger_book_owner_id, life_cycle, related_lv_1_asset_outer_idenity, related_lv_1_asset_uuid, related_lv_2_asset_outer_idenity, related_lv_2_asset_uuid, related_lv_3_asset_outer_idenity, related_lv_3_asset_uuid, source_document_uuid) VALUES ('42076ec1-3118-4125-8a31-10944071589f', 0.00, 1000.00, 'FST_LONGTERM_LIABILITY', '40000', 0, 'SND_LONGTERM_LIABILITY_ABSORB_SAVING', '40000.01', null, null, 'cbf70764-ca28-11e7-b26b-525400dbb013', 'baa92027-5346-4246-9a14-53c743e74f60', null, null, null, 'a3c329f2-8d4b-424c-bf17-a9908ce3ba43', '2018-05-01', '2018-03-01 14:35:03', '', null, 422359, 'fa3e7d96-9d22-44f9-8d75-03750f13073c', '2018-05-01 00:00:00', '', '445d31f8-0275-4f7e-9dec-acb582108c95', '41', 1, 'ZC166596233277747200', '5412b225-f89f-4f9c-94c9-e05b6508918e', null, null, null, null, '');
INSERT INTO ledger_book_shelf (ledger_uuid, debit_balance, credit_balance, first_account_name, first_account_uuid, account_side, second_account_name, second_account_uuid, third_account_name, third_account_uuid, first_party_id, second_party_id, third_party_id, forward_ledger_uuid, backward_ledger_uuid, batch_serial_uuid, amortized_date, book_in_date, business_voucher_uuid, carried_over_date, contract_id, contract_uuid, default_date, journal_voucher_uuid, ledger_book_no, ledger_book_owner_id, life_cycle, related_lv_1_asset_outer_idenity, related_lv_1_asset_uuid, related_lv_2_asset_outer_idenity, related_lv_2_asset_uuid, related_lv_3_asset_outer_idenity, related_lv_3_asset_uuid, source_document_uuid) VALUES ('fc2c6b04-f6db-4d05-8a7e-58d5de324cf0', 1000.00, 0.00, 'FST_UNEARNED_LOAN_ASSET', '10000', 1, 'SND_UNEARNED_LOAN_ASSET_PRINCIPLE', '10000.02', null, null, 'cbf70764-ca28-11e7-b26b-525400dbb013', 'baa92027-5346-4246-9a14-53c743e74f60', null, null, null, 'a3c329f2-8d4b-424c-bf17-a9908ce3ba43', '2018-05-01', '2018-03-01 14:35:03', '', null, 422359, 'fa3e7d96-9d22-44f9-8d75-03750f13073c', '2018-05-01 00:00:00', '', '445d31f8-0275-4f7e-9dec-acb582108c95', '41', 1, 'ZC166596233277747200', '5412b225-f89f-4f9c-94c9-e05b6508918e', null, null, null, null, '');
INSERT INTO ledger_book_shelf (ledger_uuid, debit_balance, credit_balance, first_account_name, first_account_uuid, account_side, second_account_name, second_account_uuid, third_account_name, third_account_uuid, first_party_id, second_party_id, third_party_id, forward_ledger_uuid, backward_ledger_uuid, batch_serial_uuid, amortized_date, book_in_date, business_voucher_uuid, carried_over_date, contract_id, contract_uuid, default_date, journal_voucher_uuid, ledger_book_no, ledger_book_owner_id, life_cycle, related_lv_1_asset_outer_idenity, related_lv_1_asset_uuid, related_lv_2_asset_outer_idenity, related_lv_2_asset_uuid, related_lv_3_asset_outer_idenity, related_lv_3_asset_uuid, source_document_uuid) VALUES ('4708c2fc-4490-49e8-b8b3-68a81ef17359', 0.00, 1000.00, 'FST_LONGTERM_LIABILITY', '40000', 0, 'SND_LONGTERM_LIABILITY_ABSORB_SAVING', '40000.01', null, null, 'cbf70764-ca28-11e7-b26b-525400dbb013', 'baa92027-5346-4246-9a14-53c743e74f60', null, null, null, 'b8ee5880-6fca-48cc-91ae-3b82ca7de025', '2018-06-01', '2018-03-01 14:35:03', '', null, 422359, 'fa3e7d96-9d22-44f9-8d75-03750f13073c', '2018-06-01 00:00:00', '', '445d31f8-0275-4f7e-9dec-acb582108c95', '41', 1, 'ZC166596233298718720', 'fead4aed-7b66-43a8-baa5-c2725ccb6f1c', null, null, null, null, '');
INSERT INTO ledger_book_shelf (ledger_uuid, debit_balance, credit_balance, first_account_name, first_account_uuid, account_side, second_account_name, second_account_uuid, third_account_name, third_account_uuid, first_party_id, second_party_id, third_party_id, forward_ledger_uuid, backward_ledger_uuid, batch_serial_uuid, amortized_date, book_in_date, business_voucher_uuid, carried_over_date, contract_id, contract_uuid, default_date, journal_voucher_uuid, ledger_book_no, ledger_book_owner_id, life_cycle, related_lv_1_asset_outer_idenity, related_lv_1_asset_uuid, related_lv_2_asset_outer_idenity, related_lv_2_asset_uuid, related_lv_3_asset_outer_idenity, related_lv_3_asset_uuid, source_document_uuid) VALUES ('c121f04d-736a-4e32-8ea9-5e0c2316e803', 1000.00, 0.00, 'FST_UNEARNED_LOAN_ASSET', '10000', 1, 'SND_UNEARNED_LOAN_ASSET_PRINCIPLE', '10000.02', null, null, 'cbf70764-ca28-11e7-b26b-525400dbb013', 'baa92027-5346-4246-9a14-53c743e74f60', null, null, null, 'b8ee5880-6fca-48cc-91ae-3b82ca7de025', '2018-06-01', '2018-03-01 14:35:03', '', null, 422359, 'fa3e7d96-9d22-44f9-8d75-03750f13073c', '2018-06-01 00:00:00', '', '445d31f8-0275-4f7e-9dec-acb582108c95', '41', 1, 'ZC166596233298718720', 'fead4aed-7b66-43a8-baa5-c2725ccb6f1c', null, null, null, null, '');
INSERT INTO ledger_book_shelf (ledger_uuid, debit_balance, credit_balance, first_account_name, first_account_uuid, account_side, second_account_name, second_account_uuid, third_account_name, third_account_uuid, first_party_id, second_party_id, third_party_id, forward_ledger_uuid, backward_ledger_uuid, batch_serial_uuid, amortized_date, book_in_date, business_voucher_uuid, carried_over_date, contract_id, contract_uuid, default_date, journal_voucher_uuid, ledger_book_no, ledger_book_owner_id, life_cycle, related_lv_1_asset_outer_idenity, related_lv_1_asset_uuid, related_lv_2_asset_outer_idenity, related_lv_2_asset_uuid, related_lv_3_asset_outer_idenity, related_lv_3_asset_uuid, source_document_uuid) VALUES ('043214fb-8dbc-4d2b-a9b5-a4655c2aaeee', 0.00, 1000.00, 'FST_UNEARNED_LOAN_ASSET', '10000', 1, 'SND_UNEARNED_LOAN_ASSET_PRINCIPLE', '10000.02', null, null, 'cbf70764-ca28-11e7-b26b-525400dbb013', 'baa92027-5346-4246-9a14-53c743e74f60', null, '2f10aae5-f2a6-4ccc-b550-fc9265a7d1bf', null, 'a3d7caa2-fc01-4ba1-8743-03e985aa4618', '2018-03-01', '2018-03-01 14:35:03', null, null, 422359, 'fa3e7d96-9d22-44f9-8d75-03750f13073c', '2018-03-01 00:00:00', null, '445d31f8-0275-4f7e-9dec-acb582108c95', '41', 1, 'ZC166596233181278208', 'db197f03-d90b-4d6e-887d-e5fdae21ab22', null, null, null, null, null);
INSERT INTO ledger_book_shelf (ledger_uuid, debit_balance, credit_balance, first_account_name, first_account_uuid, account_side, second_account_name, second_account_uuid, third_account_name, third_account_uuid, first_party_id, second_party_id, third_party_id, forward_ledger_uuid, backward_ledger_uuid, batch_serial_uuid, amortized_date, book_in_date, business_voucher_uuid, carried_over_date, contract_id, contract_uuid, default_date, journal_voucher_uuid, ledger_book_no, ledger_book_owner_id, life_cycle, related_lv_1_asset_outer_idenity, related_lv_1_asset_uuid, related_lv_2_asset_outer_idenity, related_lv_2_asset_uuid, related_lv_3_asset_outer_idenity, related_lv_3_asset_uuid, source_document_uuid) VALUES ('2f10aae5-f2a6-4ccc-b550-fc9265a7d1bf', 1000.00, 0.00, 'FST_RECIEVABLE_ASSET', '20000', 1, 'SND_RECIEVABLE_LOAN_ASSET', '20000.01', 'TRD_RECIEVABLE_LOAN_ASSET_PRINCIPLE', '20000.01.01', 'cbf70764-ca28-11e7-b26b-525400dbb013', 'baa92027-5346-4246-9a14-53c743e74f60', null, null, '043214fb-8dbc-4d2b-a9b5-a4655c2aaeee', 'a3d7caa2-fc01-4ba1-8743-03e985aa4618', '2018-03-01', '2018-03-01 14:35:03', null, null, 422359, 'fa3e7d96-9d22-44f9-8d75-03750f13073c', '2018-03-01 00:00:00', null, '445d31f8-0275-4f7e-9dec-acb582108c95', '41', 1, 'ZC166596233181278208', 'db197f03-d90b-4d6e-887d-e5fdae21ab22', null, null, null, null, null);
INSERT INTO ledger_book_shelf (ledger_uuid, debit_balance, credit_balance, first_account_name, first_account_uuid, account_side, second_account_name, second_account_uuid, third_account_name, third_account_uuid, first_party_id, second_party_id, third_party_id, forward_ledger_uuid, backward_ledger_uuid, batch_serial_uuid, amortized_date, book_in_date, business_voucher_uuid, carried_over_date, contract_id, contract_uuid, default_date, journal_voucher_uuid, ledger_book_no, ledger_book_owner_id, life_cycle, related_lv_1_asset_outer_idenity, related_lv_1_asset_uuid, related_lv_2_asset_outer_idenity, related_lv_2_asset_uuid, related_lv_3_asset_outer_idenity, related_lv_3_asset_uuid, source_document_uuid) VALUES ('4107a362-6fc3-4202-9076-2353da4fc1f9', 1000.00, 0.00, 'FST_LONGTERM_LIABILITY', '40000', 0, 'SND_LONGTERM_LIABILITY_ABSORB_SAVING', '40000.01', null, null, 'cbf70764-ca28-11e7-b26b-525400dbb013', 'baa92027-5346-4246-9a14-53c743e74f60', null, null, null, '2e7cb69f-d85f-495a-ad0f-fd64d580731d', '2018-03-01', '2018-03-01 14:35:04', '', null, 422359, 'fa3e7d96-9d22-44f9-8d75-03750f13073c', '2018-03-01 00:00:00', '', '445d31f8-0275-4f7e-9dec-acb582108c95', '41', 1, 'ZC166596233181278208', 'db197f03-d90b-4d6e-887d-e5fdae21ab22', null, null, null, null, '');
INSERT INTO ledger_book_shelf (ledger_uuid, debit_balance, credit_balance, first_account_name, first_account_uuid, account_side, second_account_name, second_account_uuid, third_account_name, third_account_uuid, first_party_id, second_party_id, third_party_id, forward_ledger_uuid, backward_ledger_uuid, batch_serial_uuid, amortized_date, book_in_date, business_voucher_uuid, carried_over_date, contract_id, contract_uuid, default_date, journal_voucher_uuid, ledger_book_no, ledger_book_owner_id, life_cycle, related_lv_1_asset_outer_idenity, related_lv_1_asset_uuid, related_lv_2_asset_outer_idenity, related_lv_2_asset_uuid, related_lv_3_asset_outer_idenity, related_lv_3_asset_uuid, source_document_uuid) VALUES ('63aba95f-911b-4dce-b34f-bd0c0751182d', 0.00, 1000.00, 'FST_RECIEVABLE_ASSET', '20000', 1, 'SND_RECIEVABLE_LOAN_ASSET', '20000.01', 'TRD_RECIEVABLE_LOAN_ASSET_PRINCIPLE', '20000.01.01', 'cbf70764-ca28-11e7-b26b-525400dbb013', 'baa92027-5346-4246-9a14-53c743e74f60', null, null, null, '2e7cb69f-d85f-495a-ad0f-fd64d580731d', '2018-03-01', '2018-03-01 14:35:04', '', null, 422359, 'fa3e7d96-9d22-44f9-8d75-03750f13073c', '2018-03-01 00:00:00', '', '445d31f8-0275-4f7e-9dec-acb582108c95', '41', 1, 'ZC166596233181278208', 'db197f03-d90b-4d6e-887d-e5fdae21ab22', null, null, null, null, '');
INSERT INTO ledger_book_shelf (ledger_uuid, debit_balance, credit_balance, first_account_name, first_account_uuid, account_side, second_account_name, second_account_uuid, third_account_name, third_account_uuid, first_party_id, second_party_id, third_party_id, forward_ledger_uuid, backward_ledger_uuid, batch_serial_uuid, amortized_date, book_in_date, business_voucher_uuid, carried_over_date, contract_id, contract_uuid, default_date, journal_voucher_uuid, ledger_book_no, ledger_book_owner_id, life_cycle, related_lv_1_asset_outer_idenity, related_lv_1_asset_uuid, related_lv_2_asset_outer_idenity, related_lv_2_asset_uuid, related_lv_3_asset_outer_idenity, related_lv_3_asset_uuid, source_document_uuid) VALUES ('b8665247-a294-45ff-ac50-42247bb754fb', 1000.00, 0.00, 'FST_LONGTERM_LIABILITY', '40000', 0, 'SND_LONGTERM_LIABILITY_ABSORB_SAVING', '40000.01', null, null, 'cbf70764-ca28-11e7-b26b-525400dbb013', 'baa92027-5346-4246-9a14-53c743e74f60', null, null, null, '200424c9-b9aa-42e2-9cec-c330e58dace3', '2018-05-01', '2018-03-01 14:35:04', '', null, 422359, 'fa3e7d96-9d22-44f9-8d75-03750f13073c', '2018-05-01 00:00:00', '', '445d31f8-0275-4f7e-9dec-acb582108c95', '41', 1, 'ZC166596233277747200', '5412b225-f89f-4f9c-94c9-e05b6508918e', null, null, null, null, '');
INSERT INTO ledger_book_shelf (ledger_uuid, debit_balance, credit_balance, first_account_name, first_account_uuid, account_side, second_account_name, second_account_uuid, third_account_name, third_account_uuid, first_party_id, second_party_id, third_party_id, forward_ledger_uuid, backward_ledger_uuid, batch_serial_uuid, amortized_date, book_in_date, business_voucher_uuid, carried_over_date, contract_id, contract_uuid, default_date, journal_voucher_uuid, ledger_book_no, ledger_book_owner_id, life_cycle, related_lv_1_asset_outer_idenity, related_lv_1_asset_uuid, related_lv_2_asset_outer_idenity, related_lv_2_asset_uuid, related_lv_3_asset_outer_idenity, related_lv_3_asset_uuid, source_document_uuid) VALUES ('02168150-e6a2-43ff-b242-c4dba8930d01', 0.00, 1000.00, 'FST_UNEARNED_LOAN_ASSET', '10000', 1, 'SND_UNEARNED_LOAN_ASSET_PRINCIPLE', '10000.02', null, null, 'cbf70764-ca28-11e7-b26b-525400dbb013', 'baa92027-5346-4246-9a14-53c743e74f60', null, null, null, '200424c9-b9aa-42e2-9cec-c330e58dace3', '2018-05-01', '2018-03-01 14:35:04', '', null, 422359, 'fa3e7d96-9d22-44f9-8d75-03750f13073c', '2018-05-01 00:00:00', '', '445d31f8-0275-4f7e-9dec-acb582108c95', '41', 1, 'ZC166596233277747200', '5412b225-f89f-4f9c-94c9-e05b6508918e', null, null, null, null, '');
INSERT INTO ledger_book_shelf (ledger_uuid, debit_balance, credit_balance, first_account_name, first_account_uuid, account_side, second_account_name, second_account_uuid, third_account_name, third_account_uuid, first_party_id, second_party_id, third_party_id, forward_ledger_uuid, backward_ledger_uuid, batch_serial_uuid, amortized_date, book_in_date, business_voucher_uuid, carried_over_date, contract_id, contract_uuid, default_date, journal_voucher_uuid, ledger_book_no, ledger_book_owner_id, life_cycle, related_lv_1_asset_outer_idenity, related_lv_1_asset_uuid, related_lv_2_asset_outer_idenity, related_lv_2_asset_uuid, related_lv_3_asset_outer_idenity, related_lv_3_asset_uuid, source_document_uuid) VALUES ('cae3211a-64b2-408c-9920-6c9d27765521', 1000.00, 0.00, 'FST_LONGTERM_LIABILITY', '40000', 0, 'SND_LONGTERM_LIABILITY_ABSORB_SAVING', '40000.01', null, null, 'cbf70764-ca28-11e7-b26b-525400dbb013', 'baa92027-5346-4246-9a14-53c743e74f60', null, null, null, 'ca7a03fa-43d2-4a56-b97d-4a2889bb81a0', '2018-06-01', '2018-03-01 14:35:04', '', null, 422359, 'fa3e7d96-9d22-44f9-8d75-03750f13073c', '2018-06-01 00:00:00', '', '445d31f8-0275-4f7e-9dec-acb582108c95', '41', 1, 'ZC166596233298718720', 'fead4aed-7b66-43a8-baa5-c2725ccb6f1c', null, null, null, null, '');
INSERT INTO ledger_book_shelf (ledger_uuid, debit_balance, credit_balance, first_account_name, first_account_uuid, account_side, second_account_name, second_account_uuid, third_account_name, third_account_uuid, first_party_id, second_party_id, third_party_id, forward_ledger_uuid, backward_ledger_uuid, batch_serial_uuid, amortized_date, book_in_date, business_voucher_uuid, carried_over_date, contract_id, contract_uuid, default_date, journal_voucher_uuid, ledger_book_no, ledger_book_owner_id, life_cycle, related_lv_1_asset_outer_idenity, related_lv_1_asset_uuid, related_lv_2_asset_outer_idenity, related_lv_2_asset_uuid, related_lv_3_asset_outer_idenity, related_lv_3_asset_uuid, source_document_uuid) VALUES ('3fb6fc87-0b3b-4e32-9a01-e379e0b03cd7', 0.00, 1000.00, 'FST_UNEARNED_LOAN_ASSET', '10000', 1, 'SND_UNEARNED_LOAN_ASSET_PRINCIPLE', '10000.02', null, null, 'cbf70764-ca28-11e7-b26b-525400dbb013', 'baa92027-5346-4246-9a14-53c743e74f60', null, null, null, 'ca7a03fa-43d2-4a56-b97d-4a2889bb81a0', '2018-06-01', '2018-03-01 14:35:04', '', null, 422359, 'fa3e7d96-9d22-44f9-8d75-03750f13073c', '2018-06-01 00:00:00', '', '445d31f8-0275-4f7e-9dec-acb582108c95', '41', 1, 'ZC166596233298718720', 'fead4aed-7b66-43a8-baa5-c2725ccb6f1c', null, null, null, null, '');
INSERT INTO ledger_book_shelf (ledger_uuid, debit_balance, credit_balance, first_account_name, first_account_uuid, account_side, second_account_name, second_account_uuid, third_account_name, third_account_uuid, first_party_id, second_party_id, third_party_id, forward_ledger_uuid, backward_ledger_uuid, batch_serial_uuid, amortized_date, book_in_date, business_voucher_uuid, carried_over_date, contract_id, contract_uuid, default_date, journal_voucher_uuid, ledger_book_no, ledger_book_owner_id, life_cycle, related_lv_1_asset_outer_idenity, related_lv_1_asset_uuid, related_lv_2_asset_outer_idenity, related_lv_2_asset_uuid, related_lv_3_asset_outer_idenity, related_lv_3_asset_uuid, source_document_uuid) VALUES ('ee0416bd-74db-492a-8d7a-9ec15a68af3f', 0.00, 1000.00, 'FST_LONGTERM_LIABILITY', '40000', 0, 'SND_LONGTERM_LIABILITY_ABSORB_SAVING', '40000.01', null, null, 'cbf70764-ca28-11e7-b26b-525400dbb013', 'baa92027-5346-4246-9a14-53c743e74f60', null, null, null, 'e096437d-2f59-4426-97a4-af88ebd39fcc', '2018-03-01', '2018-03-01 14:35:04', '', null, 422359, 'fa3e7d96-9d22-44f9-8d75-03750f13073c', '2018-03-01 00:00:00', '', '445d31f8-0275-4f7e-9dec-acb582108c95', '41', 1, 'ZC166596238994624512', 'fc295ca5-c961-4f43-81e4-e1cc14adb55e', null, null, null, null, '');
INSERT INTO ledger_book_shelf (ledger_uuid, debit_balance, credit_balance, first_account_name, first_account_uuid, account_side, second_account_name, second_account_uuid, third_account_name, third_account_uuid, first_party_id, second_party_id, third_party_id, forward_ledger_uuid, backward_ledger_uuid, batch_serial_uuid, amortized_date, book_in_date, business_voucher_uuid, carried_over_date, contract_id, contract_uuid, default_date, journal_voucher_uuid, ledger_book_no, ledger_book_owner_id, life_cycle, related_lv_1_asset_outer_idenity, related_lv_1_asset_uuid, related_lv_2_asset_outer_idenity, related_lv_2_asset_uuid, related_lv_3_asset_outer_idenity, related_lv_3_asset_uuid, source_document_uuid) VALUES ('115a0a58-d1e8-4e27-b6d8-32352ac80bf8', 0.00, 4.00, 'FST_DEFERRED_INCOME', '100000', 0, 'SND_DEFERRED_INCOME_INTEREST_ESTIMATE', '100000.01', null, null, 'cbf70764-ca28-11e7-b26b-525400dbb013', 'baa92027-5346-4246-9a14-53c743e74f60', null, null, null, 'e096437d-2f59-4426-97a4-af88ebd39fcc', '2018-03-01', '2018-03-01 14:35:04', '', null, 422359, 'fa3e7d96-9d22-44f9-8d75-03750f13073c', '2018-03-01 00:00:00', '', '445d31f8-0275-4f7e-9dec-acb582108c95', '41', 1, 'ZC166596238994624512', 'fc295ca5-c961-4f43-81e4-e1cc14adb55e', null, null, null, null, '');
INSERT INTO ledger_book_shelf (ledger_uuid, debit_balance, credit_balance, first_account_name, first_account_uuid, account_side, second_account_name, second_account_uuid, third_account_name, third_account_uuid, first_party_id, second_party_id, third_party_id, forward_ledger_uuid, backward_ledger_uuid, batch_serial_uuid, amortized_date, book_in_date, business_voucher_uuid, carried_over_date, contract_id, contract_uuid, default_date, journal_voucher_uuid, ledger_book_no, ledger_book_owner_id, life_cycle, related_lv_1_asset_outer_idenity, related_lv_1_asset_uuid, related_lv_2_asset_outer_idenity, related_lv_2_asset_uuid, related_lv_3_asset_outer_idenity, related_lv_3_asset_uuid, source_document_uuid) VALUES ('808fd2a2-5943-4012-bed8-d4c31222e4bc', 1000.00, 0.00, 'FST_UNEARNED_LOAN_ASSET', '10000', 1, 'SND_UNEARNED_LOAN_ASSET_PRINCIPLE', '10000.02', null, null, 'cbf70764-ca28-11e7-b26b-525400dbb013', 'baa92027-5346-4246-9a14-53c743e74f60', null, null, null, 'e096437d-2f59-4426-97a4-af88ebd39fcc', '2018-03-01', '2018-03-01 14:35:04', '', null, 422359, 'fa3e7d96-9d22-44f9-8d75-03750f13073c', '2018-03-01 00:00:00', '', '445d31f8-0275-4f7e-9dec-acb582108c95', '41', 1, 'ZC166596238994624512', 'fc295ca5-c961-4f43-81e4-e1cc14adb55e', null, null, null, null, '');
INSERT INTO ledger_book_shelf (ledger_uuid, debit_balance, credit_balance, first_account_name, first_account_uuid, account_side, second_account_name, second_account_uuid, third_account_name, third_account_uuid, first_party_id, second_party_id, third_party_id, forward_ledger_uuid, backward_ledger_uuid, batch_serial_uuid, amortized_date, book_in_date, business_voucher_uuid, carried_over_date, contract_id, contract_uuid, default_date, journal_voucher_uuid, ledger_book_no, ledger_book_owner_id, life_cycle, related_lv_1_asset_outer_idenity, related_lv_1_asset_uuid, related_lv_2_asset_outer_idenity, related_lv_2_asset_uuid, related_lv_3_asset_outer_idenity, related_lv_3_asset_uuid, source_document_uuid) VALUES ('aee250d9-6b13-4b19-97ac-9a8feb69d12e', 0.00, 1.00, 'FST_DEFERRED_INCOME', '100000', 0, 'SND_DEFERRED_INCOME_FEE', '100000.02', 'TRD_DEFERRED_INCOME_LOAN_OTHER_FEE', '100000.02.03', 'cbf70764-ca28-11e7-b26b-525400dbb013', 'baa92027-5346-4246-9a14-53c743e74f60', null, null, null, 'e096437d-2f59-4426-97a4-af88ebd39fcc', '2018-03-01', '2018-03-01 14:35:04', '', null, 422359, 'fa3e7d96-9d22-44f9-8d75-03750f13073c', '2018-03-01 00:00:00', '', '445d31f8-0275-4f7e-9dec-acb582108c95', '41', 1, 'ZC166596238994624512', 'fc295ca5-c961-4f43-81e4-e1cc14adb55e', null, null, null, null, '');
INSERT INTO ledger_book_shelf (ledger_uuid, debit_balance, credit_balance, first_account_name, first_account_uuid, account_side, second_account_name, second_account_uuid, third_account_name, third_account_uuid, first_party_id, second_party_id, third_party_id, forward_ledger_uuid, backward_ledger_uuid, batch_serial_uuid, amortized_date, book_in_date, business_voucher_uuid, carried_over_date, contract_id, contract_uuid, default_date, journal_voucher_uuid, ledger_book_no, ledger_book_owner_id, life_cycle, related_lv_1_asset_outer_idenity, related_lv_1_asset_uuid, related_lv_2_asset_outer_idenity, related_lv_2_asset_uuid, related_lv_3_asset_outer_idenity, related_lv_3_asset_uuid, source_document_uuid) VALUES ('bb9d27c7-9733-413e-b9cd-cd1d37d83b7e', 1.00, 0.00, 'FST_UNEARNED_LOAN_ASSET', '10000', 1, 'SND_UNEARNED_LOAN_ASSET_OTHER_FEE', '10000.05', null, null, 'cbf70764-ca28-11e7-b26b-525400dbb013', 'baa92027-5346-4246-9a14-53c743e74f60', null, null, null, 'e096437d-2f59-4426-97a4-af88ebd39fcc', '2018-03-01', '2018-03-01 14:35:04', '', null, 422359, 'fa3e7d96-9d22-44f9-8d75-03750f13073c', '2018-03-01 00:00:00', '', '445d31f8-0275-4f7e-9dec-acb582108c95', '41', 1, 'ZC166596238994624512', 'fc295ca5-c961-4f43-81e4-e1cc14adb55e', null, null, null, null, '');
INSERT INTO ledger_book_shelf (ledger_uuid, debit_balance, credit_balance, first_account_name, first_account_uuid, account_side, second_account_name, second_account_uuid, third_account_name, third_account_uuid, first_party_id, second_party_id, third_party_id, forward_ledger_uuid, backward_ledger_uuid, batch_serial_uuid, amortized_date, book_in_date, business_voucher_uuid, carried_over_date, contract_id, contract_uuid, default_date, journal_voucher_uuid, ledger_book_no, ledger_book_owner_id, life_cycle, related_lv_1_asset_outer_idenity, related_lv_1_asset_uuid, related_lv_2_asset_outer_idenity, related_lv_2_asset_uuid, related_lv_3_asset_outer_idenity, related_lv_3_asset_uuid, source_document_uuid) VALUES ('fcb3fc14-354a-4326-b4e7-667b4a19c5e9', 4.00, 0.00, 'FST_UNEARNED_LOAN_ASSET', '10000', 1, 'SND_UNEARNED_LOAN_ASSET_INTEREST', '10000.01', null, null, 'cbf70764-ca28-11e7-b26b-525400dbb013', 'baa92027-5346-4246-9a14-53c743e74f60', null, null, null, 'e096437d-2f59-4426-97a4-af88ebd39fcc', '2018-03-01', '2018-03-01 14:35:04', '', null, 422359, 'fa3e7d96-9d22-44f9-8d75-03750f13073c', '2018-03-01 00:00:00', '', '445d31f8-0275-4f7e-9dec-acb582108c95', '41', 1, 'ZC166596238994624512', 'fc295ca5-c961-4f43-81e4-e1cc14adb55e', null, null, null, null, '');
INSERT INTO ledger_book_shelf (ledger_uuid, debit_balance, credit_balance, first_account_name, first_account_uuid, account_side, second_account_name, second_account_uuid, third_account_name, third_account_uuid, first_party_id, second_party_id, third_party_id, forward_ledger_uuid, backward_ledger_uuid, batch_serial_uuid, amortized_date, book_in_date, business_voucher_uuid, carried_over_date, contract_id, contract_uuid, default_date, journal_voucher_uuid, ledger_book_no, ledger_book_owner_id, life_cycle, related_lv_1_asset_outer_idenity, related_lv_1_asset_uuid, related_lv_2_asset_outer_idenity, related_lv_2_asset_uuid, related_lv_3_asset_outer_idenity, related_lv_3_asset_uuid, source_document_uuid) VALUES ('ada1c4da-b2d8-41cd-8198-9ed9bfada954', 0.00, 1000.00, 'FST_LONGTERM_LIABILITY', '40000', 0, 'SND_LONGTERM_LIABILITY_ABSORB_SAVING', '40000.01', null, null, 'cbf70764-ca28-11e7-b26b-525400dbb013', 'baa92027-5346-4246-9a14-53c743e74f60', null, null, null, 'a698bb01-f3d5-4cd0-8e51-15cb20dc78be', '2018-05-01', '2018-03-01 14:35:04', '', null, 422359, 'fa3e7d96-9d22-44f9-8d75-03750f13073c', '2018-05-01 00:00:00', '', '445d31f8-0275-4f7e-9dec-acb582108c95', '41', 1, 'ZC166596239040761856', '79477ff7-2ac6-407a-8720-1c873158653f', null, null, null, null, '');
INSERT INTO ledger_book_shelf (ledger_uuid, debit_balance, credit_balance, first_account_name, first_account_uuid, account_side, second_account_name, second_account_uuid, third_account_name, third_account_uuid, first_party_id, second_party_id, third_party_id, forward_ledger_uuid, backward_ledger_uuid, batch_serial_uuid, amortized_date, book_in_date, business_voucher_uuid, carried_over_date, contract_id, contract_uuid, default_date, journal_voucher_uuid, ledger_book_no, ledger_book_owner_id, life_cycle, related_lv_1_asset_outer_idenity, related_lv_1_asset_uuid, related_lv_2_asset_outer_idenity, related_lv_2_asset_uuid, related_lv_3_asset_outer_idenity, related_lv_3_asset_uuid, source_document_uuid) VALUES ('bdaafe29-8a45-4aa9-99e9-45c47fb95ffa', 0.00, 5.00, 'FST_DEFERRED_INCOME', '100000', 0, 'SND_DEFERRED_INCOME_INTEREST_ESTIMATE', '100000.01', null, null, 'cbf70764-ca28-11e7-b26b-525400dbb013', 'baa92027-5346-4246-9a14-53c743e74f60', null, null, null, 'a698bb01-f3d5-4cd0-8e51-15cb20dc78be', '2018-05-01', '2018-03-01 14:35:04', '', null, 422359, 'fa3e7d96-9d22-44f9-8d75-03750f13073c', '2018-05-01 00:00:00', '', '445d31f8-0275-4f7e-9dec-acb582108c95', '41', 1, 'ZC166596239040761856', '79477ff7-2ac6-407a-8720-1c873158653f', null, null, null, null, '');
INSERT INTO ledger_book_shelf (ledger_uuid, debit_balance, credit_balance, first_account_name, first_account_uuid, account_side, second_account_name, second_account_uuid, third_account_name, third_account_uuid, first_party_id, second_party_id, third_party_id, forward_ledger_uuid, backward_ledger_uuid, batch_serial_uuid, amortized_date, book_in_date, business_voucher_uuid, carried_over_date, contract_id, contract_uuid, default_date, journal_voucher_uuid, ledger_book_no, ledger_book_owner_id, life_cycle, related_lv_1_asset_outer_idenity, related_lv_1_asset_uuid, related_lv_2_asset_outer_idenity, related_lv_2_asset_uuid, related_lv_3_asset_outer_idenity, related_lv_3_asset_uuid, source_document_uuid) VALUES ('2b416f3e-e3ab-4b08-9439-b26d24eeed2f', 1000.00, 0.00, 'FST_UNEARNED_LOAN_ASSET', '10000', 1, 'SND_UNEARNED_LOAN_ASSET_PRINCIPLE', '10000.02', null, null, 'cbf70764-ca28-11e7-b26b-525400dbb013', 'baa92027-5346-4246-9a14-53c743e74f60', null, null, null, 'a698bb01-f3d5-4cd0-8e51-15cb20dc78be', '2018-05-01', '2018-03-01 14:35:04', '', null, 422359, 'fa3e7d96-9d22-44f9-8d75-03750f13073c', '2018-05-01 00:00:00', '', '445d31f8-0275-4f7e-9dec-acb582108c95', '41', 1, 'ZC166596239040761856', '79477ff7-2ac6-407a-8720-1c873158653f', null, null, null, null, '');
INSERT INTO ledger_book_shelf (ledger_uuid, debit_balance, credit_balance, first_account_name, first_account_uuid, account_side, second_account_name, second_account_uuid, third_account_name, third_account_uuid, first_party_id, second_party_id, third_party_id, forward_ledger_uuid, backward_ledger_uuid, batch_serial_uuid, amortized_date, book_in_date, business_voucher_uuid, carried_over_date, contract_id, contract_uuid, default_date, journal_voucher_uuid, ledger_book_no, ledger_book_owner_id, life_cycle, related_lv_1_asset_outer_idenity, related_lv_1_asset_uuid, related_lv_2_asset_outer_idenity, related_lv_2_asset_uuid, related_lv_3_asset_outer_idenity, related_lv_3_asset_uuid, source_document_uuid) VALUES ('cf62e696-3cc3-4017-bc1f-00d2d8da0648', 0.00, 2.00, 'FST_DEFERRED_INCOME', '100000', 0, 'SND_DEFERRED_INCOME_FEE', '100000.02', 'TRD_DEFERRED_INCOME_LOAN_OTHER_FEE', '100000.02.03', 'cbf70764-ca28-11e7-b26b-525400dbb013', 'baa92027-5346-4246-9a14-53c743e74f60', null, null, null, 'a698bb01-f3d5-4cd0-8e51-15cb20dc78be', '2018-05-01', '2018-03-01 14:35:04', '', null, 422359, 'fa3e7d96-9d22-44f9-8d75-03750f13073c', '2018-05-01 00:00:00', '', '445d31f8-0275-4f7e-9dec-acb582108c95', '41', 1, 'ZC166596239040761856', '79477ff7-2ac6-407a-8720-1c873158653f', null, null, null, null, '');
INSERT INTO ledger_book_shelf (ledger_uuid, debit_balance, credit_balance, first_account_name, first_account_uuid, account_side, second_account_name, second_account_uuid, third_account_name, third_account_uuid, first_party_id, second_party_id, third_party_id, forward_ledger_uuid, backward_ledger_uuid, batch_serial_uuid, amortized_date, book_in_date, business_voucher_uuid, carried_over_date, contract_id, contract_uuid, default_date, journal_voucher_uuid, ledger_book_no, ledger_book_owner_id, life_cycle, related_lv_1_asset_outer_idenity, related_lv_1_asset_uuid, related_lv_2_asset_outer_idenity, related_lv_2_asset_uuid, related_lv_3_asset_outer_idenity, related_lv_3_asset_uuid, source_document_uuid) VALUES ('e4e7d40e-e6b1-4f4c-9ab5-93f67e5efb90', 2.00, 0.00, 'FST_UNEARNED_LOAN_ASSET', '10000', 1, 'SND_UNEARNED_LOAN_ASSET_OTHER_FEE', '10000.05', null, null, 'cbf70764-ca28-11e7-b26b-525400dbb013', 'baa92027-5346-4246-9a14-53c743e74f60', null, null, null, 'a698bb01-f3d5-4cd0-8e51-15cb20dc78be', '2018-05-01', '2018-03-01 14:35:04', '', null, 422359, 'fa3e7d96-9d22-44f9-8d75-03750f13073c', '2018-05-01 00:00:00', '', '445d31f8-0275-4f7e-9dec-acb582108c95', '41', 1, 'ZC166596239040761856', '79477ff7-2ac6-407a-8720-1c873158653f', null, null, null, null, '');
INSERT INTO ledger_book_shelf (ledger_uuid, debit_balance, credit_balance, first_account_name, first_account_uuid, account_side, second_account_name, second_account_uuid, third_account_name, third_account_uuid, first_party_id, second_party_id, third_party_id, forward_ledger_uuid, backward_ledger_uuid, batch_serial_uuid, amortized_date, book_in_date, business_voucher_uuid, carried_over_date, contract_id, contract_uuid, default_date, journal_voucher_uuid, ledger_book_no, ledger_book_owner_id, life_cycle, related_lv_1_asset_outer_idenity, related_lv_1_asset_uuid, related_lv_2_asset_outer_idenity, related_lv_2_asset_uuid, related_lv_3_asset_outer_idenity, related_lv_3_asset_uuid, source_document_uuid) VALUES ('c8836db4-b913-4850-9e41-75abf54fd62b', 5.00, 0.00, 'FST_UNEARNED_LOAN_ASSET', '10000', 1, 'SND_UNEARNED_LOAN_ASSET_INTEREST', '10000.01', null, null, 'cbf70764-ca28-11e7-b26b-525400dbb013', 'baa92027-5346-4246-9a14-53c743e74f60', null, null, null, 'a698bb01-f3d5-4cd0-8e51-15cb20dc78be', '2018-05-01', '2018-03-01 14:35:04', '', null, 422359, 'fa3e7d96-9d22-44f9-8d75-03750f13073c', '2018-05-01 00:00:00', '', '445d31f8-0275-4f7e-9dec-acb582108c95', '41', 1, 'ZC166596239040761856', '79477ff7-2ac6-407a-8720-1c873158653f', null, null, null, null, '');
INSERT INTO ledger_book_shelf (ledger_uuid, debit_balance, credit_balance, first_account_name, first_account_uuid, account_side, second_account_name, second_account_uuid, third_account_name, third_account_uuid, first_party_id, second_party_id, third_party_id, forward_ledger_uuid, backward_ledger_uuid, batch_serial_uuid, amortized_date, book_in_date, business_voucher_uuid, carried_over_date, contract_id, contract_uuid, default_date, journal_voucher_uuid, ledger_book_no, ledger_book_owner_id, life_cycle, related_lv_1_asset_outer_idenity, related_lv_1_asset_uuid, related_lv_2_asset_outer_idenity, related_lv_2_asset_uuid, related_lv_3_asset_outer_idenity, related_lv_3_asset_uuid, source_document_uuid) VALUES ('fde44478-d2b1-402b-8452-8e4dd08c4b00', 0.00, 1000.00, 'FST_LONGTERM_LIABILITY', '40000', 0, 'SND_LONGTERM_LIABILITY_ABSORB_SAVING', '40000.01', null, null, 'cbf70764-ca28-11e7-b26b-525400dbb013', 'baa92027-5346-4246-9a14-53c743e74f60', null, null, null, 'b7baa664-dd21-436f-9a03-663839f51f2f', '2018-06-01', '2018-03-01 14:35:04', '', null, 422359, 'fa3e7d96-9d22-44f9-8d75-03750f13073c', '2018-06-01 00:00:00', '', '445d31f8-0275-4f7e-9dec-acb582108c95', '41', 1, 'ZC166596239074316288', 'e602d69a-f951-4bcd-91eb-935dbc623d29', null, null, null, null, '');
INSERT INTO ledger_book_shelf (ledger_uuid, debit_balance, credit_balance, first_account_name, first_account_uuid, account_side, second_account_name, second_account_uuid, third_account_name, third_account_uuid, first_party_id, second_party_id, third_party_id, forward_ledger_uuid, backward_ledger_uuid, batch_serial_uuid, amortized_date, book_in_date, business_voucher_uuid, carried_over_date, contract_id, contract_uuid, default_date, journal_voucher_uuid, ledger_book_no, ledger_book_owner_id, life_cycle, related_lv_1_asset_outer_idenity, related_lv_1_asset_uuid, related_lv_2_asset_outer_idenity, related_lv_2_asset_uuid, related_lv_3_asset_outer_idenity, related_lv_3_asset_uuid, source_document_uuid) VALUES ('f68388cc-5974-451a-9c3b-64c1ee153e10', 0.00, 6.00, 'FST_DEFERRED_INCOME', '100000', 0, 'SND_DEFERRED_INCOME_INTEREST_ESTIMATE', '100000.01', null, null, 'cbf70764-ca28-11e7-b26b-525400dbb013', 'baa92027-5346-4246-9a14-53c743e74f60', null, null, null, 'b7baa664-dd21-436f-9a03-663839f51f2f', '2018-06-01', '2018-03-01 14:35:04', '', null, 422359, 'fa3e7d96-9d22-44f9-8d75-03750f13073c', '2018-06-01 00:00:00', '', '445d31f8-0275-4f7e-9dec-acb582108c95', '41', 1, 'ZC166596239074316288', 'e602d69a-f951-4bcd-91eb-935dbc623d29', null, null, null, null, '');
INSERT INTO ledger_book_shelf (ledger_uuid, debit_balance, credit_balance, first_account_name, first_account_uuid, account_side, second_account_name, second_account_uuid, third_account_name, third_account_uuid, first_party_id, second_party_id, third_party_id, forward_ledger_uuid, backward_ledger_uuid, batch_serial_uuid, amortized_date, book_in_date, business_voucher_uuid, carried_over_date, contract_id, contract_uuid, default_date, journal_voucher_uuid, ledger_book_no, ledger_book_owner_id, life_cycle, related_lv_1_asset_outer_idenity, related_lv_1_asset_uuid, related_lv_2_asset_outer_idenity, related_lv_2_asset_uuid, related_lv_3_asset_outer_idenity, related_lv_3_asset_uuid, source_document_uuid) VALUES ('97262bcc-5141-4318-a753-d8e11de6ced2', 1000.00, 0.00, 'FST_UNEARNED_LOAN_ASSET', '10000', 1, 'SND_UNEARNED_LOAN_ASSET_PRINCIPLE', '10000.02', null, null, 'cbf70764-ca28-11e7-b26b-525400dbb013', 'baa92027-5346-4246-9a14-53c743e74f60', null, null, null, 'b7baa664-dd21-436f-9a03-663839f51f2f', '2018-06-01', '2018-03-01 14:35:04', '', null, 422359, 'fa3e7d96-9d22-44f9-8d75-03750f13073c', '2018-06-01 00:00:00', '', '445d31f8-0275-4f7e-9dec-acb582108c95', '41', 1, 'ZC166596239074316288', 'e602d69a-f951-4bcd-91eb-935dbc623d29', null, null, null, null, '');
INSERT INTO ledger_book_shelf (ledger_uuid, debit_balance, credit_balance, first_account_name, first_account_uuid, account_side, second_account_name, second_account_uuid, third_account_name, third_account_uuid, first_party_id, second_party_id, third_party_id, forward_ledger_uuid, backward_ledger_uuid, batch_serial_uuid, amortized_date, book_in_date, business_voucher_uuid, carried_over_date, contract_id, contract_uuid, default_date, journal_voucher_uuid, ledger_book_no, ledger_book_owner_id, life_cycle, related_lv_1_asset_outer_idenity, related_lv_1_asset_uuid, related_lv_2_asset_outer_idenity, related_lv_2_asset_uuid, related_lv_3_asset_outer_idenity, related_lv_3_asset_uuid, source_document_uuid) VALUES ('86aa53d1-ee4a-4e23-95be-e2cb94557aad', 0.00, 3.00, 'FST_DEFERRED_INCOME', '100000', 0, 'SND_DEFERRED_INCOME_FEE', '100000.02', 'TRD_DEFERRED_INCOME_LOAN_OTHER_FEE', '100000.02.03', 'cbf70764-ca28-11e7-b26b-525400dbb013', 'baa92027-5346-4246-9a14-53c743e74f60', null, null, null, 'b7baa664-dd21-436f-9a03-663839f51f2f', '2018-06-01', '2018-03-01 14:35:04', '', null, 422359, 'fa3e7d96-9d22-44f9-8d75-03750f13073c', '2018-06-01 00:00:00', '', '445d31f8-0275-4f7e-9dec-acb582108c95', '41', 1, 'ZC166596239074316288', 'e602d69a-f951-4bcd-91eb-935dbc623d29', null, null, null, null, '');
INSERT INTO ledger_book_shelf (ledger_uuid, debit_balance, credit_balance, first_account_name, first_account_uuid, account_side, second_account_name, second_account_uuid, third_account_name, third_account_uuid, first_party_id, second_party_id, third_party_id, forward_ledger_uuid, backward_ledger_uuid, batch_serial_uuid, amortized_date, book_in_date, business_voucher_uuid, carried_over_date, contract_id, contract_uuid, default_date, journal_voucher_uuid, ledger_book_no, ledger_book_owner_id, life_cycle, related_lv_1_asset_outer_idenity, related_lv_1_asset_uuid, related_lv_2_asset_outer_idenity, related_lv_2_asset_uuid, related_lv_3_asset_outer_idenity, related_lv_3_asset_uuid, source_document_uuid) VALUES ('273ca65f-24e9-4c20-96c8-2167c243db89', 3.00, 0.00, 'FST_UNEARNED_LOAN_ASSET', '10000', 1, 'SND_UNEARNED_LOAN_ASSET_OTHER_FEE', '10000.05', null, null, 'cbf70764-ca28-11e7-b26b-525400dbb013', 'baa92027-5346-4246-9a14-53c743e74f60', null, null, null, 'b7baa664-dd21-436f-9a03-663839f51f2f', '2018-06-01', '2018-03-01 14:35:04', '', null, 422359, 'fa3e7d96-9d22-44f9-8d75-03750f13073c', '2018-06-01 00:00:00', '', '445d31f8-0275-4f7e-9dec-acb582108c95', '41', 1, 'ZC166596239074316288', 'e602d69a-f951-4bcd-91eb-935dbc623d29', null, null, null, null, '');
INSERT INTO ledger_book_shelf (ledger_uuid, debit_balance, credit_balance, first_account_name, first_account_uuid, account_side, second_account_name, second_account_uuid, third_account_name, third_account_uuid, first_party_id, second_party_id, third_party_id, forward_ledger_uuid, backward_ledger_uuid, batch_serial_uuid, amortized_date, book_in_date, business_voucher_uuid, carried_over_date, contract_id, contract_uuid, default_date, journal_voucher_uuid, ledger_book_no, ledger_book_owner_id, life_cycle, related_lv_1_asset_outer_idenity, related_lv_1_asset_uuid, related_lv_2_asset_outer_idenity, related_lv_2_asset_uuid, related_lv_3_asset_outer_idenity, related_lv_3_asset_uuid, source_document_uuid) VALUES ('dbb226aa-1d76-4833-8f54-b2eda080f84b', 6.00, 0.00, 'FST_UNEARNED_LOAN_ASSET', '10000', 1, 'SND_UNEARNED_LOAN_ASSET_INTEREST', '10000.01', null, null, 'cbf70764-ca28-11e7-b26b-525400dbb013', 'baa92027-5346-4246-9a14-53c743e74f60', null, null, null, 'b7baa664-dd21-436f-9a03-663839f51f2f', '2018-06-01', '2018-03-01 14:35:04', '', null, 422359, 'fa3e7d96-9d22-44f9-8d75-03750f13073c', '2018-06-01 00:00:00', '', '445d31f8-0275-4f7e-9dec-acb582108c95', '41', 1, 'ZC166596239074316288', 'e602d69a-f951-4bcd-91eb-935dbc623d29', null, null, null, null, '');
INSERT INTO ledger_book_shelf (ledger_uuid, debit_balance, credit_balance, first_account_name, first_account_uuid, account_side, second_account_name, second_account_uuid, third_account_name, third_account_uuid, first_party_id, second_party_id, third_party_id, forward_ledger_uuid, backward_ledger_uuid, batch_serial_uuid, amortized_date, book_in_date, business_voucher_uuid, carried_over_date, contract_id, contract_uuid, default_date, journal_voucher_uuid, ledger_book_no, ledger_book_owner_id, life_cycle, related_lv_1_asset_outer_idenity, related_lv_1_asset_uuid, related_lv_2_asset_outer_idenity, related_lv_2_asset_uuid, related_lv_3_asset_outer_idenity, related_lv_3_asset_uuid, source_document_uuid) VALUES ('b94ed451-9075-4819-b353-3ccfafabf824', 4.00, 0.00, 'FST_DEFERRED_INCOME', '100000', 0, 'SND_DEFERRED_INCOME_INTEREST_ESTIMATE', '100000.01', null, null, 'cbf70764-ca28-11e7-b26b-525400dbb013', 'baa92027-5346-4246-9a14-53c743e74f60', null, '83379da0-4469-4a91-a405-8f41bffeda21', null, '4cc64bc9-c9ae-4282-85ce-ef735ebfb0dc', '2018-03-01', '2018-03-01 14:35:04', null, null, 422359, 'fa3e7d96-9d22-44f9-8d75-03750f13073c', '2018-03-01 00:00:00', null, '445d31f8-0275-4f7e-9dec-acb582108c95', '41', 1, 'ZC166596238994624512', 'fc295ca5-c961-4f43-81e4-e1cc14adb55e', null, null, null, null, null);
INSERT INTO ledger_book_shelf (ledger_uuid, debit_balance, credit_balance, first_account_name, first_account_uuid, account_side, second_account_name, second_account_uuid, third_account_name, third_account_uuid, first_party_id, second_party_id, third_party_id, forward_ledger_uuid, backward_ledger_uuid, batch_serial_uuid, amortized_date, book_in_date, business_voucher_uuid, carried_over_date, contract_id, contract_uuid, default_date, journal_voucher_uuid, ledger_book_no, ledger_book_owner_id, life_cycle, related_lv_1_asset_outer_idenity, related_lv_1_asset_uuid, related_lv_2_asset_outer_idenity, related_lv_2_asset_uuid, related_lv_3_asset_outer_idenity, related_lv_3_asset_uuid, source_document_uuid) VALUES ('83379da0-4469-4a91-a405-8f41bffeda21', 0.00, 4.00, 'FST_REVENUE', '70000', 0, 'SND_REVENUE_INTEREST', '70000.03', null, null, 'cbf70764-ca28-11e7-b26b-525400dbb013', '', null, null, 'b94ed451-9075-4819-b353-3ccfafabf824', '4cc64bc9-c9ae-4282-85ce-ef735ebfb0dc', '2018-03-01', '2018-03-01 14:35:04', null, null, 422359, 'fa3e7d96-9d22-44f9-8d75-03750f13073c', '2018-03-01 00:00:00', null, '445d31f8-0275-4f7e-9dec-acb582108c95', '41', 1, 'ZC166596238994624512', 'fc295ca5-c961-4f43-81e4-e1cc14adb55e', null, null, null, null, null);
INSERT INTO ledger_book_shelf (ledger_uuid, debit_balance, credit_balance, first_account_name, first_account_uuid, account_side, second_account_name, second_account_uuid, third_account_name, third_account_uuid, first_party_id, second_party_id, third_party_id, forward_ledger_uuid, backward_ledger_uuid, batch_serial_uuid, amortized_date, book_in_date, business_voucher_uuid, carried_over_date, contract_id, contract_uuid, default_date, journal_voucher_uuid, ledger_book_no, ledger_book_owner_id, life_cycle, related_lv_1_asset_outer_idenity, related_lv_1_asset_uuid, related_lv_2_asset_outer_idenity, related_lv_2_asset_uuid, related_lv_3_asset_outer_idenity, related_lv_3_asset_uuid, source_document_uuid) VALUES ('57acd21d-053e-4b18-8647-254cf1cdd667', 0.00, 4.00, 'FST_UNEARNED_LOAN_ASSET', '10000', 1, 'SND_UNEARNED_LOAN_ASSET_INTEREST', '10000.01', null, null, 'cbf70764-ca28-11e7-b26b-525400dbb013', 'baa92027-5346-4246-9a14-53c743e74f60', null, 'bc42b2df-e976-480d-b48a-29f477eef2ff', null, '8223d11b-57bd-4363-afb9-e44bcc450e2a', '2018-03-01', '2018-03-01 14:35:04', null, null, 422359, 'fa3e7d96-9d22-44f9-8d75-03750f13073c', '2018-03-01 00:00:00', null, '445d31f8-0275-4f7e-9dec-acb582108c95', '41', 1, 'ZC166596238994624512', 'fc295ca5-c961-4f43-81e4-e1cc14adb55e', null, null, null, null, null);
INSERT INTO ledger_book_shelf (ledger_uuid, debit_balance, credit_balance, first_account_name, first_account_uuid, account_side, second_account_name, second_account_uuid, third_account_name, third_account_uuid, first_party_id, second_party_id, third_party_id, forward_ledger_uuid, backward_ledger_uuid, batch_serial_uuid, amortized_date, book_in_date, business_voucher_uuid, carried_over_date, contract_id, contract_uuid, default_date, journal_voucher_uuid, ledger_book_no, ledger_book_owner_id, life_cycle, related_lv_1_asset_outer_idenity, related_lv_1_asset_uuid, related_lv_2_asset_outer_idenity, related_lv_2_asset_uuid, related_lv_3_asset_outer_idenity, related_lv_3_asset_uuid, source_document_uuid) VALUES ('bc42b2df-e976-480d-b48a-29f477eef2ff', 4.00, 0.00, 'FST_RECIEVABLE_ASSET', '20000', 1, 'SND_RECIEVABLE_LOAN_ASSET', '20000.01', 'TRD_RECIEVABLE_LOAN_ASSET_INTEREST', '20000.01.02', 'cbf70764-ca28-11e7-b26b-525400dbb013', 'baa92027-5346-4246-9a14-53c743e74f60', null, null, '57acd21d-053e-4b18-8647-254cf1cdd667', '8223d11b-57bd-4363-afb9-e44bcc450e2a', '2018-03-01', '2018-03-01 14:35:04', null, null, 422359, 'fa3e7d96-9d22-44f9-8d75-03750f13073c', '2018-03-01 00:00:00', null, '445d31f8-0275-4f7e-9dec-acb582108c95', '41', 1, 'ZC166596238994624512', 'fc295ca5-c961-4f43-81e4-e1cc14adb55e', null, null, null, null, null);
INSERT INTO ledger_book_shelf (ledger_uuid, debit_balance, credit_balance, first_account_name, first_account_uuid, account_side, second_account_name, second_account_uuid, third_account_name, third_account_uuid, first_party_id, second_party_id, third_party_id, forward_ledger_uuid, backward_ledger_uuid, batch_serial_uuid, amortized_date, book_in_date, business_voucher_uuid, carried_over_date, contract_id, contract_uuid, default_date, journal_voucher_uuid, ledger_book_no, ledger_book_owner_id, life_cycle, related_lv_1_asset_outer_idenity, related_lv_1_asset_uuid, related_lv_2_asset_outer_idenity, related_lv_2_asset_uuid, related_lv_3_asset_outer_idenity, related_lv_3_asset_uuid, source_document_uuid) VALUES ('ca2683a1-d7b4-4cc8-b39c-edc080269fd2', 0.00, 1.00, 'FST_UNEARNED_LOAN_ASSET', '10000', 1, 'SND_UNEARNED_LOAN_ASSET_OTHER_FEE', '10000.05', null, null, 'cbf70764-ca28-11e7-b26b-525400dbb013', 'baa92027-5346-4246-9a14-53c743e74f60', null, 'a3788762-fcb7-4d43-bb22-dac4db3da29a', null, 'ac77468b-e915-464c-be63-24e2cf160c20', '2018-03-01', '2018-03-01 14:35:04', null, null, 422359, 'fa3e7d96-9d22-44f9-8d75-03750f13073c', '2018-03-01 00:00:00', null, '445d31f8-0275-4f7e-9dec-acb582108c95', '41', 1, 'ZC166596238994624512', 'fc295ca5-c961-4f43-81e4-e1cc14adb55e', null, null, null, null, null);
INSERT INTO ledger_book_shelf (ledger_uuid, debit_balance, credit_balance, first_account_name, first_account_uuid, account_side, second_account_name, second_account_uuid, third_account_name, third_account_uuid, first_party_id, second_party_id, third_party_id, forward_ledger_uuid, backward_ledger_uuid, batch_serial_uuid, amortized_date, book_in_date, business_voucher_uuid, carried_over_date, contract_id, contract_uuid, default_date, journal_voucher_uuid, ledger_book_no, ledger_book_owner_id, life_cycle, related_lv_1_asset_outer_idenity, related_lv_1_asset_uuid, related_lv_2_asset_outer_idenity, related_lv_2_asset_uuid, related_lv_3_asset_outer_idenity, related_lv_3_asset_uuid, source_document_uuid) VALUES ('a3788762-fcb7-4d43-bb22-dac4db3da29a', 1.00, 0.00, 'FST_RECIEVABLE_ASSET', '20000', 1, 'SND_RECIEVABLE_LOAN_ASSET', '20000.01', 'TRD_RECIEVABLE_LOAN_ASSET_OTHER_FEE', '20000.01.05', 'cbf70764-ca28-11e7-b26b-525400dbb013', 'baa92027-5346-4246-9a14-53c743e74f60', null, null, 'ca2683a1-d7b4-4cc8-b39c-edc080269fd2', 'ac77468b-e915-464c-be63-24e2cf160c20', '2018-03-01', '2018-03-01 14:35:04', null, null, 422359, 'fa3e7d96-9d22-44f9-8d75-03750f13073c', '2018-03-01 00:00:00', null, '445d31f8-0275-4f7e-9dec-acb582108c95', '41', 1, 'ZC166596238994624512', 'fc295ca5-c961-4f43-81e4-e1cc14adb55e', null, null, null, null, null);
INSERT INTO ledger_book_shelf (ledger_uuid, debit_balance, credit_balance, first_account_name, first_account_uuid, account_side, second_account_name, second_account_uuid, third_account_name, third_account_uuid, first_party_id, second_party_id, third_party_id, forward_ledger_uuid, backward_ledger_uuid, batch_serial_uuid, amortized_date, book_in_date, business_voucher_uuid, carried_over_date, contract_id, contract_uuid, default_date, journal_voucher_uuid, ledger_book_no, ledger_book_owner_id, life_cycle, related_lv_1_asset_outer_idenity, related_lv_1_asset_uuid, related_lv_2_asset_outer_idenity, related_lv_2_asset_uuid, related_lv_3_asset_outer_idenity, related_lv_3_asset_uuid, source_document_uuid) VALUES ('8e6fc713-0a4a-490c-8900-bf812e46638f', 0.00, 1000.00, 'FST_UNEARNED_LOAN_ASSET', '10000', 1, 'SND_UNEARNED_LOAN_ASSET_PRINCIPLE', '10000.02', null, null, 'cbf70764-ca28-11e7-b26b-525400dbb013', 'baa92027-5346-4246-9a14-53c743e74f60', null, '54edded0-e1e2-4c66-a2f3-74828b95384e', null, '224e2d59-2f46-40f8-a7e9-89f52053d56d', '2018-03-01', '2018-03-01 14:35:04', null, null, 422359, 'fa3e7d96-9d22-44f9-8d75-03750f13073c', '2018-03-01 00:00:00', null, '445d31f8-0275-4f7e-9dec-acb582108c95', '41', 1, 'ZC166596238994624512', 'fc295ca5-c961-4f43-81e4-e1cc14adb55e', null, null, null, null, null);
INSERT INTO ledger_book_shelf (ledger_uuid, debit_balance, credit_balance, first_account_name, first_account_uuid, account_side, second_account_name, second_account_uuid, third_account_name, third_account_uuid, first_party_id, second_party_id, third_party_id, forward_ledger_uuid, backward_ledger_uuid, batch_serial_uuid, amortized_date, book_in_date, business_voucher_uuid, carried_over_date, contract_id, contract_uuid, default_date, journal_voucher_uuid, ledger_book_no, ledger_book_owner_id, life_cycle, related_lv_1_asset_outer_idenity, related_lv_1_asset_uuid, related_lv_2_asset_outer_idenity, related_lv_2_asset_uuid, related_lv_3_asset_outer_idenity, related_lv_3_asset_uuid, source_document_uuid) VALUES ('54edded0-e1e2-4c66-a2f3-74828b95384e', 1000.00, 0.00, 'FST_RECIEVABLE_ASSET', '20000', 1, 'SND_RECIEVABLE_LOAN_ASSET', '20000.01', 'TRD_RECIEVABLE_LOAN_ASSET_PRINCIPLE', '20000.01.01', 'cbf70764-ca28-11e7-b26b-525400dbb013', 'baa92027-5346-4246-9a14-53c743e74f60', null, null, '8e6fc713-0a4a-490c-8900-bf812e46638f', '224e2d59-2f46-40f8-a7e9-89f52053d56d', '2018-03-01', '2018-03-01 14:35:04', null, null, 422359, 'fa3e7d96-9d22-44f9-8d75-03750f13073c', '2018-03-01 00:00:00', null, '445d31f8-0275-4f7e-9dec-acb582108c95', '41', 1, 'ZC166596238994624512', 'fc295ca5-c961-4f43-81e4-e1cc14adb55e', null, null, null, null, null);
INSERT INTO ledger_book_shelf (ledger_uuid, debit_balance, credit_balance, first_account_name, first_account_uuid, account_side, second_account_name, second_account_uuid, third_account_name, third_account_uuid, first_party_id, second_party_id, third_party_id, forward_ledger_uuid, backward_ledger_uuid, batch_serial_uuid, amortized_date, book_in_date, business_voucher_uuid, carried_over_date, contract_id, contract_uuid, default_date, journal_voucher_uuid, ledger_book_no, ledger_book_owner_id, life_cycle, related_lv_1_asset_outer_idenity, related_lv_1_asset_uuid, related_lv_2_asset_outer_idenity, related_lv_2_asset_uuid, related_lv_3_asset_outer_idenity, related_lv_3_asset_uuid, source_document_uuid) VALUES ('0d584050-4c36-43f4-b5d1-110b5445988a', 1.00, 0.00, 'FST_DEFERRED_INCOME', '100000', 0, 'SND_DEFERRED_INCOME_FEE', '100000.02', 'TRD_DEFERRED_INCOME_LOAN_OTHER_FEE', '100000.02.03', 'cbf70764-ca28-11e7-b26b-525400dbb013', 'baa92027-5346-4246-9a14-53c743e74f60', null, '8ac66d60-00f7-46de-8e5d-f9bfa33be584', null, '28efa19a-6580-4e19-a0c6-f7f5edd409af', '2018-03-01', '2018-03-01 14:35:04', null, null, 422359, 'fa3e7d96-9d22-44f9-8d75-03750f13073c', '2018-03-01 00:00:00', null, '445d31f8-0275-4f7e-9dec-acb582108c95', '41', 1, 'ZC166596238994624512', 'fc295ca5-c961-4f43-81e4-e1cc14adb55e', null, null, null, null, null);
INSERT INTO ledger_book_shelf (ledger_uuid, debit_balance, credit_balance, first_account_name, first_account_uuid, account_side, second_account_name, second_account_uuid, third_account_name, third_account_uuid, first_party_id, second_party_id, third_party_id, forward_ledger_uuid, backward_ledger_uuid, batch_serial_uuid, amortized_date, book_in_date, business_voucher_uuid, carried_over_date, contract_id, contract_uuid, default_date, journal_voucher_uuid, ledger_book_no, ledger_book_owner_id, life_cycle, related_lv_1_asset_outer_idenity, related_lv_1_asset_uuid, related_lv_2_asset_outer_idenity, related_lv_2_asset_uuid, related_lv_3_asset_outer_idenity, related_lv_3_asset_uuid, source_document_uuid) VALUES ('8ac66d60-00f7-46de-8e5d-f9bfa33be584', 0.00, 1.00, 'FST_REVENUE', '70000', 0, 'SND_REVENUE_INCOME_FEE', '70000.05', 'TRD_REVENUE_INCOME_LOAN_OTHER_FEE', '70000.05.03', 'cbf70764-ca28-11e7-b26b-525400dbb013', 'baa92027-5346-4246-9a14-53c743e74f60', null, null, '0d584050-4c36-43f4-b5d1-110b5445988a', '28efa19a-6580-4e19-a0c6-f7f5edd409af', '2018-03-01', '2018-03-01 14:35:04', null, null, 422359, 'fa3e7d96-9d22-44f9-8d75-03750f13073c', '2018-03-01 00:00:00', null, '445d31f8-0275-4f7e-9dec-acb582108c95', '41', 1, 'ZC166596238994624512', 'fc295ca5-c961-4f43-81e4-e1cc14adb55e', null, null, null, null, null);

INSERT INTO asset_set_extra_charge (asset_set_extra_charge_uuid, asset_set_uuid, create_time, last_modify_time, first_account_name, first_account_uuid, second_account_name, second_account_uuid, third_account_name, third_account_uuid, account_amount) VALUES ('0063580b-5fbf-4c25-b860-62963b9d2f47', '79477ff7-2ac6-407a-8720-1c873158653f', '2018-03-01 14:35:04', '2018-03-01 14:35:04', 'FST_UNEARNED_LOAN_ASSET', '10000', 'SND_UNEARNED_LOAN_ASSET_OTHER_FEE', '10000.05', null, null, 2.00);
INSERT INTO asset_set_extra_charge (asset_set_extra_charge_uuid, asset_set_uuid, create_time, last_modify_time, first_account_name, first_account_uuid, second_account_name, second_account_uuid, third_account_name, third_account_uuid, account_amount) VALUES ('c17ad75f-900c-4766-b5b1-aa93d82bbce0', 'e602d69a-f951-4bcd-91eb-935dbc623d29', '2018-03-01 14:35:04', '2018-03-01 14:35:04', 'FST_UNEARNED_LOAN_ASSET', '10000', 'SND_UNEARNED_LOAN_ASSET_OTHER_FEE', '10000.05', null, null, 3.00);
INSERT INTO asset_set_extra_charge (asset_set_extra_charge_uuid, asset_set_uuid, create_time, last_modify_time, first_account_name, first_account_uuid, second_account_name, second_account_uuid, third_account_name, third_account_uuid, account_amount) VALUES ('40c6fcce-d9f8-41ff-9a17-577732e0b40d', 'fc295ca5-c961-4f43-81e4-e1cc14adb55e', '2018-03-01 14:35:04', '2018-03-01 14:35:04', 'FST_UNEARNED_LOAN_ASSET', '10000', 'SND_UNEARNED_LOAN_ASSET_OTHER_FEE', '10000.05', null, null, 1.00);


INSERT INTO t_tencent_abs_trail (financial_contract_uuid, financial_contract_no, contract_unique_id, contract_uuid, asset_set_uuid, last_modified_time, file_type) VALUES ('2495a5ce-094e-4eb6-9fb9-95454b138427', '6fe0e9a3-9c87-4d49-94bf-a97772177e16', '6fe0e9a3-9c87-4d49-94bf-a97772177e16', 'b6806f80-7242-422d-b5da-dc720c6b31c6', '24fcfdd0-fb41-4c03-a0a9-a73378032bf4', '2018-03-01 13:54:40', '0');
INSERT INTO t_tencent_abs_trail (financial_contract_uuid, financial_contract_no, contract_unique_id, contract_uuid, asset_set_uuid, last_modified_time, file_type) VALUES ('2495a5ce-094e-4eb6-9fb9-95454b138427', '6fe0e9a3-9c87-4d49-94bf-a97772177e16', '71978c69-61fa-4456-8e82-476fa313db8f', 'fa3e7d96-9d22-44f9-8d75-03750f13073c', 'fc295ca5-c961-4f43-81e4-e1cc14adb55e', '2018-03-01 13:57:49', '0');
INSERT INTO t_tencent_abs_trail (financial_contract_uuid, financial_contract_no, contract_unique_id, contract_uuid, asset_set_uuid, last_modified_time, file_type) VALUES ('2495a5ce-094e-4eb6-9fb9-95454b138427', '6fe0e9a3-9c87-4d49-94bf-a97772177e16', '71978c69-61fa-4456-8e82-476fa313db8f', 'fa3e7d96-9d22-44f9-8d75-03750f13073c', '79477ff7-2ac6-407a-8720-1c873158653f', '2018-03-01 13:58:49', '0');
INSERT INTO t_tencent_abs_trail (financial_contract_uuid, financial_contract_no, contract_unique_id, contract_uuid, asset_set_uuid, last_modified_time, file_type) VALUES ('2495a5ce-094e-4eb6-9fb9-95454b138427', '6fe0e9a3-9c87-4d49-94bf-a97772177e16', '71978c69-61fa-4456-8e82-476fa313db8f', 'fa3e7d96-9d22-44f9-8d75-03750f13073c', 'e602d69a-f951-4bcd-91eb-935dbc623d29', '2018-03-01 13:59:49', '0');


