DELETE FROM contract;
DELETE FROM financial_contract;
DELETE FROM asset_set;
DELETE FROM asset_set_history;
TRUNCATE TABLE ledger_book_shelf;
DELETE FROM customer;
DELETE FROM t_tencent_abs_trail;

INSERT INTO contract (uuid, unique_id, begin_date, contract_no, end_date, asset_type, month_fee, app_id, customer_id, house_id, actual_end_date, create_time, interest_rate, payment_day_in_month, payment_frequency, periods, repayment_way, total_amount, penalty_interest, active_version_no, repayment_plan_operate_logs, state, financial_contract_uuid, interest_rate_cycle, customer_uuid, repaymented_periods, completion_status, date_field_one, long_field_one, long_field_two, string_field_one, string_field_two, string_field_three, decimal_field_one, decimal_field_two) VALUES ('32cc3ea8-5268-4e8b-9328-06d5ef6aaa2a', 'd51d56b4-5354-4d2c-8429-dc7e7629e511', '2017-06-10', 'd51d56b4-5354-4d2c-8429-dc7e7629e511', '2018-01-01', null, 0.00, 39, 1531474, 729324, null, '2018-03-01 15:06:21', 0.1560000000, 0, 0, 3, 2, 3000.00, 0.0005000000, 1, null, 2, '2495a5ce-094e-4eb6-9fb9-95454b138427', 1, '4b66fe8f-87f7-44fe-8130-3709e665ea83', 1, null, null, null, null, null, null, null, null, null);
INSERT INTO contract (uuid, unique_id, begin_date, contract_no, end_date, asset_type, month_fee, app_id, customer_id, house_id, actual_end_date, create_time, interest_rate, payment_day_in_month, payment_frequency, periods, repayment_way, total_amount, penalty_interest, active_version_no, repayment_plan_operate_logs, state, financial_contract_uuid, interest_rate_cycle, customer_uuid, repaymented_periods, completion_status, date_field_one, long_field_one, long_field_two, string_field_one, string_field_two, string_field_three, decimal_field_one, decimal_field_two) VALUES ('2c5c6380-d3db-40d3-b591-79b4cc60be5e', 'a706d78a-b146-45bd-9230-6afd0ea090a8', '2017-06-10', 'a706d78a-b146-45bd-9230-6afd0ea090a8', '2018-01-01', null, 0.00, 39, 1531475, 729325, null, '2018-03-01 15:07:51', 0.1560000000, 0, 0, 3, 2, 3000.00, 0.0005000000, 1, null, 2, '2495a5ce-094e-4eb6-9fb9-95454b138427', 1, '77190a95-3303-43a4-9ed0-0662e399c2fa', 2, null, null, null, null, null, null, null, null, null);

INSERT INTO financial_contract (asset_package_format, adva_matuterm, adva_start_date, contract_no, contract_name, app_id, company_id, adva_repo_term, thru_date, capital_account_id, financial_contract_type, loan_overdue_start_day, loan_overdue_end_day, payment_channel_id, ledger_book_no, financial_contract_uuid, sys_normal_deduct_flag, sys_overdue_deduct_flag, sys_create_penalty_flag, sys_create_guarantee_flag, unusual_modify_flag, sys_create_statement_flag, transaction_limit_per_transcation, transaction_limit_per_day, remittance_strategy_mode, app_account_uuids, allow_online_repayment, allow_offline_repayment, allow_advance_deduct_flag, adva_repayment_term, penalty, overdue_default_fee, overdue_service_fee, overdue_other_fee, create_time, last_modified_time, repurchase_approach, repurchase_rule, repurchase_algorithm, day_of_month, pay_for_go, repurchase_principal_algorithm, repurchase_interest_algorithm, repurchase_penalty_algorithm, repurchase_other_charges_algorithm, repayment_check_days, repurchase_cycle, days_of_cycle, allow_freewheeling_repayment, temporary_repurchases, capital_party, asset_party, channel_party, supplier, other_party, contract_short_name, financial_type, remittance_object, sub_account_uuids) VALUES (3, 0, '2015-01-01 00:00:00', 'WB123', 'WUBO的测试信托', 39, 41, 7, '2020-11-16 00:00:00', 103, 0, 6, 6, null, '445d31f8-0275-4f7e-9dec-acb582108c95', '2495a5ce-094e-4eb6-9fb9-95454b138427', 0, 0, 1, 0, 0, 0, 0.50, null, 3, 'null', 1, 1, 1, 5, '', null, null, null, '2017-11-27 15:11:44', '2018-02-07 15:29:34', 2, null, '', null, 1, 'outstandingPrincipal', '', '', '', -1, null, null, 0, null, '[39]', null, null, null, '[39]', 'WUBO', 0, 0, null);

INSERT INTO ledger_book_shelf (ledger_uuid, debit_balance, credit_balance, first_account_name, first_account_uuid, account_side, second_account_name, second_account_uuid, third_account_name, third_account_uuid, first_party_id, second_party_id, third_party_id, forward_ledger_uuid, backward_ledger_uuid, batch_serial_uuid, amortized_date, book_in_date, business_voucher_uuid, carried_over_date, contract_id, contract_uuid, default_date, journal_voucher_uuid, ledger_book_no, ledger_book_owner_id, life_cycle, related_lv_1_asset_outer_idenity, related_lv_1_asset_uuid, related_lv_2_asset_outer_idenity, related_lv_2_asset_uuid, related_lv_3_asset_outer_idenity, related_lv_3_asset_uuid, source_document_uuid) VALUES ('bb9fa976-58be-4ecb-b2bf-ddc13020cee4', 0.00, 1000.00, 'FST_LONGTERM_LIABILITY', '40000', 0, 'SND_LONGTERM_LIABILITY_ABSORB_SAVING', '40000.01', null, null, 'cbf70764-ca28-11e7-b26b-525400dbb013', '4b66fe8f-87f7-44fe-8130-3709e665ea83', null, null, null, 'f0d22fdb-45db-4563-bd41-d67551bd9bf3', '2018-02-10', '2018-03-01 15:06:21', '', null, 422365, '32cc3ea8-5268-4e8b-9328-06d5ef6aaa2a', '2018-02-10 00:00:00', '', '445d31f8-0275-4f7e-9dec-acb582108c95', '41', 1, 'ZC166604114660175872', '3c6d0721-eff5-45ba-90e8-d3c676004044', null, null, null, null, '');
INSERT INTO ledger_book_shelf (ledger_uuid, debit_balance, credit_balance, first_account_name, first_account_uuid, account_side, second_account_name, second_account_uuid, third_account_name, third_account_uuid, first_party_id, second_party_id, third_party_id, forward_ledger_uuid, backward_ledger_uuid, batch_serial_uuid, amortized_date, book_in_date, business_voucher_uuid, carried_over_date, contract_id, contract_uuid, default_date, journal_voucher_uuid, ledger_book_no, ledger_book_owner_id, life_cycle, related_lv_1_asset_outer_idenity, related_lv_1_asset_uuid, related_lv_2_asset_outer_idenity, related_lv_2_asset_uuid, related_lv_3_asset_outer_idenity, related_lv_3_asset_uuid, source_document_uuid) VALUES ('a7b745bf-1b61-4161-a31a-21be57a2386f', 1000.00, 0.00, 'FST_UNEARNED_LOAN_ASSET', '10000', 1, 'SND_UNEARNED_LOAN_ASSET_PRINCIPLE', '10000.02', null, null, 'cbf70764-ca28-11e7-b26b-525400dbb013', '4b66fe8f-87f7-44fe-8130-3709e665ea83', null, null, null, 'f0d22fdb-45db-4563-bd41-d67551bd9bf3', '2018-02-10', '2018-03-01 15:06:21', '', null, 422365, '32cc3ea8-5268-4e8b-9328-06d5ef6aaa2a', '2018-02-10 00:00:00', '', '445d31f8-0275-4f7e-9dec-acb582108c95', '41', 1, 'ZC166604114660175872', '3c6d0721-eff5-45ba-90e8-d3c676004044', null, null, null, null, '');
INSERT INTO ledger_book_shelf (ledger_uuid, debit_balance, credit_balance, first_account_name, first_account_uuid, account_side, second_account_name, second_account_uuid, third_account_name, third_account_uuid, first_party_id, second_party_id, third_party_id, forward_ledger_uuid, backward_ledger_uuid, batch_serial_uuid, amortized_date, book_in_date, business_voucher_uuid, carried_over_date, contract_id, contract_uuid, default_date, journal_voucher_uuid, ledger_book_no, ledger_book_owner_id, life_cycle, related_lv_1_asset_outer_idenity, related_lv_1_asset_uuid, related_lv_2_asset_outer_idenity, related_lv_2_asset_uuid, related_lv_3_asset_outer_idenity, related_lv_3_asset_uuid, source_document_uuid) VALUES ('51d73290-744b-4539-9553-9b1f1fbbdf89', 0.00, 1000.00, 'FST_LONGTERM_LIABILITY', '40000', 0, 'SND_LONGTERM_LIABILITY_ABSORB_SAVING', '40000.01', null, null, 'cbf70764-ca28-11e7-b26b-525400dbb013', '4b66fe8f-87f7-44fe-8130-3709e665ea83', null, null, null, 'ba7fd907-ef87-4078-b90c-1fcb85807b62', '2018-04-01', '2018-03-01 15:06:21', '', null, 422365, '32cc3ea8-5268-4e8b-9328-06d5ef6aaa2a', '2018-04-01 00:00:00', '', '445d31f8-0275-4f7e-9dec-acb582108c95', '41', 1, 'ZC166604114676953088', '55b8cf3a-f89e-49eb-a19a-0ba5bf408ffd', null, null, null, null, '');
INSERT INTO ledger_book_shelf (ledger_uuid, debit_balance, credit_balance, first_account_name, first_account_uuid, account_side, second_account_name, second_account_uuid, third_account_name, third_account_uuid, first_party_id, second_party_id, third_party_id, forward_ledger_uuid, backward_ledger_uuid, batch_serial_uuid, amortized_date, book_in_date, business_voucher_uuid, carried_over_date, contract_id, contract_uuid, default_date, journal_voucher_uuid, ledger_book_no, ledger_book_owner_id, life_cycle, related_lv_1_asset_outer_idenity, related_lv_1_asset_uuid, related_lv_2_asset_outer_idenity, related_lv_2_asset_uuid, related_lv_3_asset_outer_idenity, related_lv_3_asset_uuid, source_document_uuid) VALUES ('7e183048-c41e-481d-8254-845760864811', 1000.00, 0.00, 'FST_UNEARNED_LOAN_ASSET', '10000', 1, 'SND_UNEARNED_LOAN_ASSET_PRINCIPLE', '10000.02', null, null, 'cbf70764-ca28-11e7-b26b-525400dbb013', '4b66fe8f-87f7-44fe-8130-3709e665ea83', null, null, null, 'ba7fd907-ef87-4078-b90c-1fcb85807b62', '2018-04-01', '2018-03-01 15:06:21', '', null, 422365, '32cc3ea8-5268-4e8b-9328-06d5ef6aaa2a', '2018-04-01 00:00:00', '', '445d31f8-0275-4f7e-9dec-acb582108c95', '41', 1, 'ZC166604114676953088', '55b8cf3a-f89e-49eb-a19a-0ba5bf408ffd', null, null, null, null, '');
INSERT INTO ledger_book_shelf (ledger_uuid, debit_balance, credit_balance, first_account_name, first_account_uuid, account_side, second_account_name, second_account_uuid, third_account_name, third_account_uuid, first_party_id, second_party_id, third_party_id, forward_ledger_uuid, backward_ledger_uuid, batch_serial_uuid, amortized_date, book_in_date, business_voucher_uuid, carried_over_date, contract_id, contract_uuid, default_date, journal_voucher_uuid, ledger_book_no, ledger_book_owner_id, life_cycle, related_lv_1_asset_outer_idenity, related_lv_1_asset_uuid, related_lv_2_asset_outer_idenity, related_lv_2_asset_uuid, related_lv_3_asset_outer_idenity, related_lv_3_asset_uuid, source_document_uuid) VALUES ('a710aedb-a945-472a-a475-5b1fb6205741', 0.00, 1000.00, 'FST_LONGTERM_LIABILITY', '40000', 0, 'SND_LONGTERM_LIABILITY_ABSORB_SAVING', '40000.01', null, null, 'cbf70764-ca28-11e7-b26b-525400dbb013', '4b66fe8f-87f7-44fe-8130-3709e665ea83', null, null, null, '4c0f0c3e-9494-44a3-a538-277e801c3d9b', '2018-06-01', '2018-03-01 15:06:21', '', null, 422365, '32cc3ea8-5268-4e8b-9328-06d5ef6aaa2a', '2018-06-01 00:00:00', '', '445d31f8-0275-4f7e-9dec-acb582108c95', '41', 1, 'ZC166604114689536000', 'b426f008-b029-49d7-90db-141374021323', null, null, null, null, '');
INSERT INTO ledger_book_shelf (ledger_uuid, debit_balance, credit_balance, first_account_name, first_account_uuid, account_side, second_account_name, second_account_uuid, third_account_name, third_account_uuid, first_party_id, second_party_id, third_party_id, forward_ledger_uuid, backward_ledger_uuid, batch_serial_uuid, amortized_date, book_in_date, business_voucher_uuid, carried_over_date, contract_id, contract_uuid, default_date, journal_voucher_uuid, ledger_book_no, ledger_book_owner_id, life_cycle, related_lv_1_asset_outer_idenity, related_lv_1_asset_uuid, related_lv_2_asset_outer_idenity, related_lv_2_asset_uuid, related_lv_3_asset_outer_idenity, related_lv_3_asset_uuid, source_document_uuid) VALUES ('85022d32-6221-40ec-974e-e3703f138d35', 1000.00, 0.00, 'FST_UNEARNED_LOAN_ASSET', '10000', 1, 'SND_UNEARNED_LOAN_ASSET_PRINCIPLE', '10000.02', null, null, 'cbf70764-ca28-11e7-b26b-525400dbb013', '4b66fe8f-87f7-44fe-8130-3709e665ea83', null, null, null, '4c0f0c3e-9494-44a3-a538-277e801c3d9b', '2018-06-01', '2018-03-01 15:06:21', '', null, 422365, '32cc3ea8-5268-4e8b-9328-06d5ef6aaa2a', '2018-06-01 00:00:00', '', '445d31f8-0275-4f7e-9dec-acb582108c95', '41', 1, 'ZC166604114689536000', 'b426f008-b029-49d7-90db-141374021323', null, null, null, null, '');
INSERT INTO ledger_book_shelf (ledger_uuid, debit_balance, credit_balance, first_account_name, first_account_uuid, account_side, second_account_name, second_account_uuid, third_account_name, third_account_uuid, first_party_id, second_party_id, third_party_id, forward_ledger_uuid, backward_ledger_uuid, batch_serial_uuid, amortized_date, book_in_date, business_voucher_uuid, carried_over_date, contract_id, contract_uuid, default_date, journal_voucher_uuid, ledger_book_no, ledger_book_owner_id, life_cycle, related_lv_1_asset_outer_idenity, related_lv_1_asset_uuid, related_lv_2_asset_outer_idenity, related_lv_2_asset_uuid, related_lv_3_asset_outer_idenity, related_lv_3_asset_uuid, source_document_uuid) VALUES ('e1c34e6c-9e8c-499d-9352-303da432ff10', 0.00, 1000.00, 'FST_UNEARNED_LOAN_ASSET', '10000', 1, 'SND_UNEARNED_LOAN_ASSET_PRINCIPLE', '10000.02', null, null, 'cbf70764-ca28-11e7-b26b-525400dbb013', '4b66fe8f-87f7-44fe-8130-3709e665ea83', null, 'c2377d9a-0512-4767-8f07-af0bfc403188', null, '50ef05ee-0074-45ec-befb-f4fe707c71f2', '2018-02-10', '2018-03-01 15:06:21', null, null, 422365, '32cc3ea8-5268-4e8b-9328-06d5ef6aaa2a', '2018-02-10 00:00:00', null, '445d31f8-0275-4f7e-9dec-acb582108c95', '41', 1, 'ZC166604114660175872', '3c6d0721-eff5-45ba-90e8-d3c676004044', null, null, null, null, null);
INSERT INTO ledger_book_shelf (ledger_uuid, debit_balance, credit_balance, first_account_name, first_account_uuid, account_side, second_account_name, second_account_uuid, third_account_name, third_account_uuid, first_party_id, second_party_id, third_party_id, forward_ledger_uuid, backward_ledger_uuid, batch_serial_uuid, amortized_date, book_in_date, business_voucher_uuid, carried_over_date, contract_id, contract_uuid, default_date, journal_voucher_uuid, ledger_book_no, ledger_book_owner_id, life_cycle, related_lv_1_asset_outer_idenity, related_lv_1_asset_uuid, related_lv_2_asset_outer_idenity, related_lv_2_asset_uuid, related_lv_3_asset_outer_idenity, related_lv_3_asset_uuid, source_document_uuid) VALUES ('c2377d9a-0512-4767-8f07-af0bfc403188', 1000.00, 0.00, 'FST_RECIEVABLE_ASSET', '20000', 1, 'SND_RECIEVABLE_LOAN_ASSET', '20000.01', 'TRD_RECIEVABLE_LOAN_ASSET_PRINCIPLE', '20000.01.01', 'cbf70764-ca28-11e7-b26b-525400dbb013', '4b66fe8f-87f7-44fe-8130-3709e665ea83', null, null, 'e1c34e6c-9e8c-499d-9352-303da432ff10', '50ef05ee-0074-45ec-befb-f4fe707c71f2', '2018-02-10', '2018-03-01 15:06:21', null, null, 422365, '32cc3ea8-5268-4e8b-9328-06d5ef6aaa2a', '2018-02-10 00:00:00', null, '445d31f8-0275-4f7e-9dec-acb582108c95', '41', 1, 'ZC166604114660175872', '3c6d0721-eff5-45ba-90e8-d3c676004044', null, null, null, null, null);
INSERT INTO ledger_book_shelf (ledger_uuid, debit_balance, credit_balance, first_account_name, first_account_uuid, account_side, second_account_name, second_account_uuid, third_account_name, third_account_uuid, first_party_id, second_party_id, third_party_id, forward_ledger_uuid, backward_ledger_uuid, batch_serial_uuid, amortized_date, book_in_date, business_voucher_uuid, carried_over_date, contract_id, contract_uuid, default_date, journal_voucher_uuid, ledger_book_no, ledger_book_owner_id, life_cycle, related_lv_1_asset_outer_idenity, related_lv_1_asset_uuid, related_lv_2_asset_outer_idenity, related_lv_2_asset_uuid, related_lv_3_asset_outer_idenity, related_lv_3_asset_uuid, source_document_uuid) VALUES ('e765254c-b083-4e95-bf30-971c4c73a828', 0.00, 1000.00, 'FST_RECIEVABLE_ASSET', '20000', 1, 'SND_RECIEVABLE_LOAN_ASSET', '20000.01', 'TRD_RECIEVABLE_LOAN_ASSET_PRINCIPLE', '20000.01.01', 'cbf70764-ca28-11e7-b26b-525400dbb013', '4b66fe8f-87f7-44fe-8130-3709e665ea83', null, 'f1eba772-0520-429f-985d-aea172bcef06', null, '87aebea2-d026-4c18-8a3e-a4021ba8411f', '2018-02-10', '2018-03-01 15:06:22', null, null, 422365, '32cc3ea8-5268-4e8b-9328-06d5ef6aaa2a', '2018-02-10 00:00:00', null, '445d31f8-0275-4f7e-9dec-acb582108c95', '41', 1, 'ZC166604114660175872', '3c6d0721-eff5-45ba-90e8-d3c676004044', null, null, null, null, null);
INSERT INTO ledger_book_shelf (ledger_uuid, debit_balance, credit_balance, first_account_name, first_account_uuid, account_side, second_account_name, second_account_uuid, third_account_name, third_account_uuid, first_party_id, second_party_id, third_party_id, forward_ledger_uuid, backward_ledger_uuid, batch_serial_uuid, amortized_date, book_in_date, business_voucher_uuid, carried_over_date, contract_id, contract_uuid, default_date, journal_voucher_uuid, ledger_book_no, ledger_book_owner_id, life_cycle, related_lv_1_asset_outer_idenity, related_lv_1_asset_uuid, related_lv_2_asset_outer_idenity, related_lv_2_asset_uuid, related_lv_3_asset_outer_idenity, related_lv_3_asset_uuid, source_document_uuid) VALUES ('f1eba772-0520-429f-985d-aea172bcef06', 1000.00, 0.00, 'FST_RECIEVABLE_ASSET', '20000', 1, 'SND_RECIEVABLE_OVERDUE_LOAN_ASSET', '20000.05', 'TRD_RECIEVABLE_OVERDUE_LOAN_ASSET_PRINCIPLE', '20000.05.01', 'cbf70764-ca28-11e7-b26b-525400dbb013', '4b66fe8f-87f7-44fe-8130-3709e665ea83', null, null, 'e765254c-b083-4e95-bf30-971c4c73a828', '87aebea2-d026-4c18-8a3e-a4021ba8411f', '2018-02-10', '2018-03-01 15:06:22', null, null, 422365, '32cc3ea8-5268-4e8b-9328-06d5ef6aaa2a', '2018-02-10 00:00:00', null, '445d31f8-0275-4f7e-9dec-acb582108c95', '41', 1, 'ZC166604114660175872', '3c6d0721-eff5-45ba-90e8-d3c676004044', null, null, null, null, null);
INSERT INTO ledger_book_shelf (ledger_uuid, debit_balance, credit_balance, first_account_name, first_account_uuid, account_side, second_account_name, second_account_uuid, third_account_name, third_account_uuid, first_party_id, second_party_id, third_party_id, forward_ledger_uuid, backward_ledger_uuid, batch_serial_uuid, amortized_date, book_in_date, business_voucher_uuid, carried_over_date, contract_id, contract_uuid, default_date, journal_voucher_uuid, ledger_book_no, ledger_book_owner_id, life_cycle, related_lv_1_asset_outer_idenity, related_lv_1_asset_uuid, related_lv_2_asset_outer_idenity, related_lv_2_asset_uuid, related_lv_3_asset_outer_idenity, related_lv_3_asset_uuid, source_document_uuid) VALUES ('ff915efa-af0a-477b-8966-5882d4881788', 0.00, 1000.00, 'FST_RECIEVABLE_ASSET', '20000', 1, 'SND_RECIEVABLE_OVERDUE_LOAN_ASSET', '20000.05', 'TRD_RECIEVABLE_OVERDUE_LOAN_ASSET_PRINCIPLE', '20000.05.01', 'cbf70764-ca28-11e7-b26b-525400dbb013', '4b66fe8f-87f7-44fe-8130-3709e665ea83', null, 'ca2a5ad0-b6ca-491d-9a9d-c95c8f7223a9', null, '576b29c5-088f-45c3-b575-f0cd2b0e380f', '2018-02-10', '2018-03-01 15:12:35', '57a93121-5764-4fec-bfe9-778be415a444', '2018-03-01 15:13:40', 422365, '32cc3ea8-5268-4e8b-9328-06d5ef6aaa2a', '2018-02-10 00:00:00', '90d5cc55-ae68-4835-a673-8e90ae47169e', '445d31f8-0275-4f7e-9dec-acb582108c95', '41', 1, 'ZC166604114660175872', '3c6d0721-eff5-45ba-90e8-d3c676004044', null, null, null, '253520a04fdb4871ca1a8c3e62cab862', '90aa6ceb-80a2-42b7-83c2-06fe04315166');
INSERT INTO ledger_book_shelf (ledger_uuid, debit_balance, credit_balance, first_account_name, first_account_uuid, account_side, second_account_name, second_account_uuid, third_account_name, third_account_uuid, first_party_id, second_party_id, third_party_id, forward_ledger_uuid, backward_ledger_uuid, batch_serial_uuid, amortized_date, book_in_date, business_voucher_uuid, carried_over_date, contract_id, contract_uuid, default_date, journal_voucher_uuid, ledger_book_no, ledger_book_owner_id, life_cycle, related_lv_1_asset_outer_idenity, related_lv_1_asset_uuid, related_lv_2_asset_outer_idenity, related_lv_2_asset_uuid, related_lv_3_asset_outer_idenity, related_lv_3_asset_uuid, source_document_uuid) VALUES ('ca2a5ad0-b6ca-491d-9a9d-c95c8f7223a9', 1000.00, 0.00, 'FST_BANK_SAVING', '60000', 1, '100000749_001', '60000.100000749_001', 'TRD_BANK_SAVING_GENERAL_PRINCIPAL', '60000.1000.01', 'cbf70764-ca28-11e7-b26b-525400dbb013', '', null, null, 'ff915efa-af0a-477b-8966-5882d4881788', '576b29c5-088f-45c3-b575-f0cd2b0e380f', '2018-02-10', '2018-03-01 15:12:35', '57a93121-5764-4fec-bfe9-778be415a444', '2018-03-01 15:13:40', 422365, '32cc3ea8-5268-4e8b-9328-06d5ef6aaa2a', '2018-02-10 00:00:00', '90d5cc55-ae68-4835-a673-8e90ae47169e', '445d31f8-0275-4f7e-9dec-acb582108c95', '41', 1, 'ZC166604114660175872', '3c6d0721-eff5-45ba-90e8-d3c676004044', null, null, null, '253520a04fdb4871ca1a8c3e62cab862', '90aa6ceb-80a2-42b7-83c2-06fe04315166');

INSERT INTO ledger_book_shelf (ledger_uuid, debit_balance, credit_balance, first_account_name, first_account_uuid, account_side, second_account_name, second_account_uuid, third_account_name, third_account_uuid, first_party_id, second_party_id, third_party_id, forward_ledger_uuid, backward_ledger_uuid, batch_serial_uuid, amortized_date, book_in_date, business_voucher_uuid, carried_over_date, contract_id, contract_uuid, default_date, journal_voucher_uuid, ledger_book_no, ledger_book_owner_id, life_cycle, related_lv_1_asset_outer_idenity, related_lv_1_asset_uuid, related_lv_2_asset_outer_idenity, related_lv_2_asset_uuid, related_lv_3_asset_outer_idenity, related_lv_3_asset_uuid, source_document_uuid) VALUES ('453d360c-3080-4d91-affc-fe12fb2c0036', 0.00, 1000.00, 'FST_LONGTERM_LIABILITY', '40000', 0, 'SND_LONGTERM_LIABILITY_ABSORB_SAVING', '40000.01', null, null, 'cbf70764-ca28-11e7-b26b-525400dbb013', '77190a95-3303-43a4-9ed0-0662e399c2fa', null, null, null, '95f41cff-374a-4d30-8309-eae0ed6144f6', '2018-02-10', '2018-03-01 15:07:51', '', null, 422366, '2c5c6380-d3db-40d3-b591-79b4cc60be5e', '2018-02-10 00:00:00', '', '445d31f8-0275-4f7e-9dec-acb582108c95', '41', 1, 'ZC166604489115054080', '87ff8b9e-344d-4da1-bf60-4ce87631b53d', null, null, null, null, '');
INSERT INTO ledger_book_shelf (ledger_uuid, debit_balance, credit_balance, first_account_name, first_account_uuid, account_side, second_account_name, second_account_uuid, third_account_name, third_account_uuid, first_party_id, second_party_id, third_party_id, forward_ledger_uuid, backward_ledger_uuid, batch_serial_uuid, amortized_date, book_in_date, business_voucher_uuid, carried_over_date, contract_id, contract_uuid, default_date, journal_voucher_uuid, ledger_book_no, ledger_book_owner_id, life_cycle, related_lv_1_asset_outer_idenity, related_lv_1_asset_uuid, related_lv_2_asset_outer_idenity, related_lv_2_asset_uuid, related_lv_3_asset_outer_idenity, related_lv_3_asset_uuid, source_document_uuid) VALUES ('93e8c5ba-f5fd-453c-960e-c552f877d6c7', 1000.00, 0.00, 'FST_UNEARNED_LOAN_ASSET', '10000', 1, 'SND_UNEARNED_LOAN_ASSET_PRINCIPLE', '10000.02', null, null, 'cbf70764-ca28-11e7-b26b-525400dbb013', '77190a95-3303-43a4-9ed0-0662e399c2fa', null, null, null, '95f41cff-374a-4d30-8309-eae0ed6144f6', '2018-02-10', '2018-03-01 15:07:51', '', null, 422366, '2c5c6380-d3db-40d3-b591-79b4cc60be5e', '2018-02-10 00:00:00', '', '445d31f8-0275-4f7e-9dec-acb582108c95', '41', 1, 'ZC166604489115054080', '87ff8b9e-344d-4da1-bf60-4ce87631b53d', null, null, null, null, '');
INSERT INTO ledger_book_shelf (ledger_uuid, debit_balance, credit_balance, first_account_name, first_account_uuid, account_side, second_account_name, second_account_uuid, third_account_name, third_account_uuid, first_party_id, second_party_id, third_party_id, forward_ledger_uuid, backward_ledger_uuid, batch_serial_uuid, amortized_date, book_in_date, business_voucher_uuid, carried_over_date, contract_id, contract_uuid, default_date, journal_voucher_uuid, ledger_book_no, ledger_book_owner_id, life_cycle, related_lv_1_asset_outer_idenity, related_lv_1_asset_uuid, related_lv_2_asset_outer_idenity, related_lv_2_asset_uuid, related_lv_3_asset_outer_idenity, related_lv_3_asset_uuid, source_document_uuid) VALUES ('2c8b98bf-4210-4726-be8e-9d64673f3cef', 0.00, 1000.00, 'FST_LONGTERM_LIABILITY', '40000', 0, 'SND_LONGTERM_LIABILITY_ABSORB_SAVING', '40000.01', null, null, 'cbf70764-ca28-11e7-b26b-525400dbb013', '77190a95-3303-43a4-9ed0-0662e399c2fa', null, null, null, '9718d129-106f-4aa8-8e26-b5f337d48d11', '2018-02-11', '2018-03-01 15:07:51', '', null, 422366, '2c5c6380-d3db-40d3-b591-79b4cc60be5e', '2018-02-11 00:00:00', '', '445d31f8-0275-4f7e-9dec-acb582108c95', '41', 1, 'ZC166604489127636992', '1f284ef5-fc2f-4ca3-87c3-5cc1c525c238', null, null, null, null, '');
INSERT INTO ledger_book_shelf (ledger_uuid, debit_balance, credit_balance, first_account_name, first_account_uuid, account_side, second_account_name, second_account_uuid, third_account_name, third_account_uuid, first_party_id, second_party_id, third_party_id, forward_ledger_uuid, backward_ledger_uuid, batch_serial_uuid, amortized_date, book_in_date, business_voucher_uuid, carried_over_date, contract_id, contract_uuid, default_date, journal_voucher_uuid, ledger_book_no, ledger_book_owner_id, life_cycle, related_lv_1_asset_outer_idenity, related_lv_1_asset_uuid, related_lv_2_asset_outer_idenity, related_lv_2_asset_uuid, related_lv_3_asset_outer_idenity, related_lv_3_asset_uuid, source_document_uuid) VALUES ('2a06c16f-1630-4714-82fd-61b6ed835c85', 1000.00, 0.00, 'FST_UNEARNED_LOAN_ASSET', '10000', 1, 'SND_UNEARNED_LOAN_ASSET_PRINCIPLE', '10000.02', null, null, 'cbf70764-ca28-11e7-b26b-525400dbb013', '77190a95-3303-43a4-9ed0-0662e399c2fa', null, null, null, '9718d129-106f-4aa8-8e26-b5f337d48d11', '2018-02-11', '2018-03-01 15:07:51', '', null, 422366, '2c5c6380-d3db-40d3-b591-79b4cc60be5e', '2018-02-11 00:00:00', '', '445d31f8-0275-4f7e-9dec-acb582108c95', '41', 1, 'ZC166604489127636992', '1f284ef5-fc2f-4ca3-87c3-5cc1c525c238', null, null, null, null, '');
INSERT INTO ledger_book_shelf (ledger_uuid, debit_balance, credit_balance, first_account_name, first_account_uuid, account_side, second_account_name, second_account_uuid, third_account_name, third_account_uuid, first_party_id, second_party_id, third_party_id, forward_ledger_uuid, backward_ledger_uuid, batch_serial_uuid, amortized_date, book_in_date, business_voucher_uuid, carried_over_date, contract_id, contract_uuid, default_date, journal_voucher_uuid, ledger_book_no, ledger_book_owner_id, life_cycle, related_lv_1_asset_outer_idenity, related_lv_1_asset_uuid, related_lv_2_asset_outer_idenity, related_lv_2_asset_uuid, related_lv_3_asset_outer_idenity, related_lv_3_asset_uuid, source_document_uuid) VALUES ('bb8158dc-df26-4145-b03c-aa375fcde847', 0.00, 1000.00, 'FST_LONGTERM_LIABILITY', '40000', 0, 'SND_LONGTERM_LIABILITY_ABSORB_SAVING', '40000.01', null, null, 'cbf70764-ca28-11e7-b26b-525400dbb013', '77190a95-3303-43a4-9ed0-0662e399c2fa', null, null, null, '415e56e2-bd95-4c9d-b181-47a14326b490', '2018-02-12', '2018-03-01 15:07:51', '', null, 422366, '2c5c6380-d3db-40d3-b591-79b4cc60be5e', '2018-02-12 00:00:00', '', '445d31f8-0275-4f7e-9dec-acb582108c95', '41', 1, 'ZC166604489140219904', '147e8ec0-33de-4730-a28d-336ca77d1900', null, null, null, null, '');
INSERT INTO ledger_book_shelf (ledger_uuid, debit_balance, credit_balance, first_account_name, first_account_uuid, account_side, second_account_name, second_account_uuid, third_account_name, third_account_uuid, first_party_id, second_party_id, third_party_id, forward_ledger_uuid, backward_ledger_uuid, batch_serial_uuid, amortized_date, book_in_date, business_voucher_uuid, carried_over_date, contract_id, contract_uuid, default_date, journal_voucher_uuid, ledger_book_no, ledger_book_owner_id, life_cycle, related_lv_1_asset_outer_idenity, related_lv_1_asset_uuid, related_lv_2_asset_outer_idenity, related_lv_2_asset_uuid, related_lv_3_asset_outer_idenity, related_lv_3_asset_uuid, source_document_uuid) VALUES ('c9e51fb7-aa74-4054-b105-7c6d3457c8fb', 1000.00, 0.00, 'FST_UNEARNED_LOAN_ASSET', '10000', 1, 'SND_UNEARNED_LOAN_ASSET_PRINCIPLE', '10000.02', null, null, 'cbf70764-ca28-11e7-b26b-525400dbb013', '77190a95-3303-43a4-9ed0-0662e399c2fa', null, null, null, '415e56e2-bd95-4c9d-b181-47a14326b490', '2018-02-12', '2018-03-01 15:07:51', '', null, 422366, '2c5c6380-d3db-40d3-b591-79b4cc60be5e', '2018-02-12 00:00:00', '', '445d31f8-0275-4f7e-9dec-acb582108c95', '41', 1, 'ZC166604489140219904', '147e8ec0-33de-4730-a28d-336ca77d1900', null, null, null, null, '');
INSERT INTO ledger_book_shelf (ledger_uuid, debit_balance, credit_balance, first_account_name, first_account_uuid, account_side, second_account_name, second_account_uuid, third_account_name, third_account_uuid, first_party_id, second_party_id, third_party_id, forward_ledger_uuid, backward_ledger_uuid, batch_serial_uuid, amortized_date, book_in_date, business_voucher_uuid, carried_over_date, contract_id, contract_uuid, default_date, journal_voucher_uuid, ledger_book_no, ledger_book_owner_id, life_cycle, related_lv_1_asset_outer_idenity, related_lv_1_asset_uuid, related_lv_2_asset_outer_idenity, related_lv_2_asset_uuid, related_lv_3_asset_outer_idenity, related_lv_3_asset_uuid, source_document_uuid) VALUES ('3a7e7f64-9e20-4b06-b1b0-22b6a506b915', 0.00, 1000.00, 'FST_UNEARNED_LOAN_ASSET', '10000', 1, 'SND_UNEARNED_LOAN_ASSET_PRINCIPLE', '10000.02', null, null, 'cbf70764-ca28-11e7-b26b-525400dbb013', '77190a95-3303-43a4-9ed0-0662e399c2fa', null, '728da06e-7e41-4f85-b711-e952ecf52d38', null, '5ca3b4b6-be73-475e-a4da-3c04280245c6', '2018-02-10', '2018-03-01 15:07:51', null, null, 422366, '2c5c6380-d3db-40d3-b591-79b4cc60be5e', '2018-02-10 00:00:00', null, '445d31f8-0275-4f7e-9dec-acb582108c95', '41', 1, 'ZC166604489115054080', '87ff8b9e-344d-4da1-bf60-4ce87631b53d', null, null, null, null, null);
INSERT INTO ledger_book_shelf (ledger_uuid, debit_balance, credit_balance, first_account_name, first_account_uuid, account_side, second_account_name, second_account_uuid, third_account_name, third_account_uuid, first_party_id, second_party_id, third_party_id, forward_ledger_uuid, backward_ledger_uuid, batch_serial_uuid, amortized_date, book_in_date, business_voucher_uuid, carried_over_date, contract_id, contract_uuid, default_date, journal_voucher_uuid, ledger_book_no, ledger_book_owner_id, life_cycle, related_lv_1_asset_outer_idenity, related_lv_1_asset_uuid, related_lv_2_asset_outer_idenity, related_lv_2_asset_uuid, related_lv_3_asset_outer_idenity, related_lv_3_asset_uuid, source_document_uuid) VALUES ('728da06e-7e41-4f85-b711-e952ecf52d38', 1000.00, 0.00, 'FST_RECIEVABLE_ASSET', '20000', 1, 'SND_RECIEVABLE_LOAN_ASSET', '20000.01', 'TRD_RECIEVABLE_LOAN_ASSET_PRINCIPLE', '20000.01.01', 'cbf70764-ca28-11e7-b26b-525400dbb013', '77190a95-3303-43a4-9ed0-0662e399c2fa', null, null, '3a7e7f64-9e20-4b06-b1b0-22b6a506b915', '5ca3b4b6-be73-475e-a4da-3c04280245c6', '2018-02-10', '2018-03-01 15:07:51', null, null, 422366, '2c5c6380-d3db-40d3-b591-79b4cc60be5e', '2018-02-10 00:00:00', null, '445d31f8-0275-4f7e-9dec-acb582108c95', '41', 1, 'ZC166604489115054080', '87ff8b9e-344d-4da1-bf60-4ce87631b53d', null, null, null, null, null);
INSERT INTO ledger_book_shelf (ledger_uuid, debit_balance, credit_balance, first_account_name, first_account_uuid, account_side, second_account_name, second_account_uuid, third_account_name, third_account_uuid, first_party_id, second_party_id, third_party_id, forward_ledger_uuid, backward_ledger_uuid, batch_serial_uuid, amortized_date, book_in_date, business_voucher_uuid, carried_over_date, contract_id, contract_uuid, default_date, journal_voucher_uuid, ledger_book_no, ledger_book_owner_id, life_cycle, related_lv_1_asset_outer_idenity, related_lv_1_asset_uuid, related_lv_2_asset_outer_idenity, related_lv_2_asset_uuid, related_lv_3_asset_outer_idenity, related_lv_3_asset_uuid, source_document_uuid) VALUES ('acbec341-e623-4f14-8109-f65182ccbfe6', 0.00, 1000.00, 'FST_RECIEVABLE_ASSET', '20000', 1, 'SND_RECIEVABLE_LOAN_ASSET', '20000.01', 'TRD_RECIEVABLE_LOAN_ASSET_PRINCIPLE', '20000.01.01', 'cbf70764-ca28-11e7-b26b-525400dbb013', '77190a95-3303-43a4-9ed0-0662e399c2fa', null, '360d942a-be62-4da3-a475-de42a0e910da', null, 'a588e76c-d237-4d1c-b879-83b4c91d2c6f', '2018-02-10', '2018-03-01 15:07:51', null, null, 422366, '2c5c6380-d3db-40d3-b591-79b4cc60be5e', '2018-02-10 00:00:00', null, '445d31f8-0275-4f7e-9dec-acb582108c95', '41', 1, 'ZC166604489115054080', '87ff8b9e-344d-4da1-bf60-4ce87631b53d', null, null, null, null, null);
INSERT INTO ledger_book_shelf (ledger_uuid, debit_balance, credit_balance, first_account_name, first_account_uuid, account_side, second_account_name, second_account_uuid, third_account_name, third_account_uuid, first_party_id, second_party_id, third_party_id, forward_ledger_uuid, backward_ledger_uuid, batch_serial_uuid, amortized_date, book_in_date, business_voucher_uuid, carried_over_date, contract_id, contract_uuid, default_date, journal_voucher_uuid, ledger_book_no, ledger_book_owner_id, life_cycle, related_lv_1_asset_outer_idenity, related_lv_1_asset_uuid, related_lv_2_asset_outer_idenity, related_lv_2_asset_uuid, related_lv_3_asset_outer_idenity, related_lv_3_asset_uuid, source_document_uuid) VALUES ('360d942a-be62-4da3-a475-de42a0e910da', 1000.00, 0.00, 'FST_RECIEVABLE_ASSET', '20000', 1, 'SND_RECIEVABLE_OVERDUE_LOAN_ASSET', '20000.05', 'TRD_RECIEVABLE_OVERDUE_LOAN_ASSET_PRINCIPLE', '20000.05.01', 'cbf70764-ca28-11e7-b26b-525400dbb013', '77190a95-3303-43a4-9ed0-0662e399c2fa', null, null, 'acbec341-e623-4f14-8109-f65182ccbfe6', 'a588e76c-d237-4d1c-b879-83b4c91d2c6f', '2018-02-10', '2018-03-01 15:07:51', null, null, 422366, '2c5c6380-d3db-40d3-b591-79b4cc60be5e', '2018-02-10 00:00:00', null, '445d31f8-0275-4f7e-9dec-acb582108c95', '41', 1, 'ZC166604489115054080', '87ff8b9e-344d-4da1-bf60-4ce87631b53d', null, null, null, null, null);
INSERT INTO ledger_book_shelf (ledger_uuid, debit_balance, credit_balance, first_account_name, first_account_uuid, account_side, second_account_name, second_account_uuid, third_account_name, third_account_uuid, first_party_id, second_party_id, third_party_id, forward_ledger_uuid, backward_ledger_uuid, batch_serial_uuid, amortized_date, book_in_date, business_voucher_uuid, carried_over_date, contract_id, contract_uuid, default_date, journal_voucher_uuid, ledger_book_no, ledger_book_owner_id, life_cycle, related_lv_1_asset_outer_idenity, related_lv_1_asset_uuid, related_lv_2_asset_outer_idenity, related_lv_2_asset_uuid, related_lv_3_asset_outer_idenity, related_lv_3_asset_uuid, source_document_uuid) VALUES ('1d2552fd-411b-4ed5-aaef-c63d2c775710', 0.00, 1000.00, 'FST_UNEARNED_LOAN_ASSET', '10000', 1, 'SND_UNEARNED_LOAN_ASSET_PRINCIPLE', '10000.02', null, null, 'cbf70764-ca28-11e7-b26b-525400dbb013', '77190a95-3303-43a4-9ed0-0662e399c2fa', null, 'dbab9c1e-2f72-4dc5-8527-13da1535bb8a', null, '4a118a9f-7c73-41fd-8e32-542f5f819062', '2018-02-11', '2018-03-01 15:07:51', null, null, 422366, '2c5c6380-d3db-40d3-b591-79b4cc60be5e', '2018-02-11 00:00:00', null, '445d31f8-0275-4f7e-9dec-acb582108c95', '41', 1, 'ZC166604489127636992', '1f284ef5-fc2f-4ca3-87c3-5cc1c525c238', null, null, null, null, null);
INSERT INTO ledger_book_shelf (ledger_uuid, debit_balance, credit_balance, first_account_name, first_account_uuid, account_side, second_account_name, second_account_uuid, third_account_name, third_account_uuid, first_party_id, second_party_id, third_party_id, forward_ledger_uuid, backward_ledger_uuid, batch_serial_uuid, amortized_date, book_in_date, business_voucher_uuid, carried_over_date, contract_id, contract_uuid, default_date, journal_voucher_uuid, ledger_book_no, ledger_book_owner_id, life_cycle, related_lv_1_asset_outer_idenity, related_lv_1_asset_uuid, related_lv_2_asset_outer_idenity, related_lv_2_asset_uuid, related_lv_3_asset_outer_idenity, related_lv_3_asset_uuid, source_document_uuid) VALUES ('dbab9c1e-2f72-4dc5-8527-13da1535bb8a', 1000.00, 0.00, 'FST_RECIEVABLE_ASSET', '20000', 1, 'SND_RECIEVABLE_LOAN_ASSET', '20000.01', 'TRD_RECIEVABLE_LOAN_ASSET_PRINCIPLE', '20000.01.01', 'cbf70764-ca28-11e7-b26b-525400dbb013', '77190a95-3303-43a4-9ed0-0662e399c2fa', null, null, '1d2552fd-411b-4ed5-aaef-c63d2c775710', '4a118a9f-7c73-41fd-8e32-542f5f819062', '2018-02-11', '2018-03-01 15:07:51', null, null, 422366, '2c5c6380-d3db-40d3-b591-79b4cc60be5e', '2018-02-11 00:00:00', null, '445d31f8-0275-4f7e-9dec-acb582108c95', '41', 1, 'ZC166604489127636992', '1f284ef5-fc2f-4ca3-87c3-5cc1c525c238', null, null, null, null, null);
INSERT INTO ledger_book_shelf (ledger_uuid, debit_balance, credit_balance, first_account_name, first_account_uuid, account_side, second_account_name, second_account_uuid, third_account_name, third_account_uuid, first_party_id, second_party_id, third_party_id, forward_ledger_uuid, backward_ledger_uuid, batch_serial_uuid, amortized_date, book_in_date, business_voucher_uuid, carried_over_date, contract_id, contract_uuid, default_date, journal_voucher_uuid, ledger_book_no, ledger_book_owner_id, life_cycle, related_lv_1_asset_outer_idenity, related_lv_1_asset_uuid, related_lv_2_asset_outer_idenity, related_lv_2_asset_uuid, related_lv_3_asset_outer_idenity, related_lv_3_asset_uuid, source_document_uuid) VALUES ('d72d940c-70ab-4248-b40a-98caa729007e', 0.00, 1000.00, 'FST_RECIEVABLE_ASSET', '20000', 1, 'SND_RECIEVABLE_LOAN_ASSET', '20000.01', 'TRD_RECIEVABLE_LOAN_ASSET_PRINCIPLE', '20000.01.01', 'cbf70764-ca28-11e7-b26b-525400dbb013', '77190a95-3303-43a4-9ed0-0662e399c2fa', null, '774211a7-f970-46b6-a976-416b78ecf615', null, '36c853f5-c80d-4d08-9759-97f067c36cbb', '2018-02-11', '2018-03-01 15:07:51', null, null, 422366, '2c5c6380-d3db-40d3-b591-79b4cc60be5e', '2018-02-11 00:00:00', null, '445d31f8-0275-4f7e-9dec-acb582108c95', '41', 1, 'ZC166604489127636992', '1f284ef5-fc2f-4ca3-87c3-5cc1c525c238', null, null, null, null, null);
INSERT INTO ledger_book_shelf (ledger_uuid, debit_balance, credit_balance, first_account_name, first_account_uuid, account_side, second_account_name, second_account_uuid, third_account_name, third_account_uuid, first_party_id, second_party_id, third_party_id, forward_ledger_uuid, backward_ledger_uuid, batch_serial_uuid, amortized_date, book_in_date, business_voucher_uuid, carried_over_date, contract_id, contract_uuid, default_date, journal_voucher_uuid, ledger_book_no, ledger_book_owner_id, life_cycle, related_lv_1_asset_outer_idenity, related_lv_1_asset_uuid, related_lv_2_asset_outer_idenity, related_lv_2_asset_uuid, related_lv_3_asset_outer_idenity, related_lv_3_asset_uuid, source_document_uuid) VALUES ('774211a7-f970-46b6-a976-416b78ecf615', 1000.00, 0.00, 'FST_RECIEVABLE_ASSET', '20000', 1, 'SND_RECIEVABLE_OVERDUE_LOAN_ASSET', '20000.05', 'TRD_RECIEVABLE_OVERDUE_LOAN_ASSET_PRINCIPLE', '20000.05.01', 'cbf70764-ca28-11e7-b26b-525400dbb013', '77190a95-3303-43a4-9ed0-0662e399c2fa', null, null, 'd72d940c-70ab-4248-b40a-98caa729007e', '36c853f5-c80d-4d08-9759-97f067c36cbb', '2018-02-11', '2018-03-01 15:07:51', null, null, 422366, '2c5c6380-d3db-40d3-b591-79b4cc60be5e', '2018-02-11 00:00:00', null, '445d31f8-0275-4f7e-9dec-acb582108c95', '41', 1, 'ZC166604489127636992', '1f284ef5-fc2f-4ca3-87c3-5cc1c525c238', null, null, null, null, null);
INSERT INTO ledger_book_shelf (ledger_uuid, debit_balance, credit_balance, first_account_name, first_account_uuid, account_side, second_account_name, second_account_uuid, third_account_name, third_account_uuid, first_party_id, second_party_id, third_party_id, forward_ledger_uuid, backward_ledger_uuid, batch_serial_uuid, amortized_date, book_in_date, business_voucher_uuid, carried_over_date, contract_id, contract_uuid, default_date, journal_voucher_uuid, ledger_book_no, ledger_book_owner_id, life_cycle, related_lv_1_asset_outer_idenity, related_lv_1_asset_uuid, related_lv_2_asset_outer_idenity, related_lv_2_asset_uuid, related_lv_3_asset_outer_idenity, related_lv_3_asset_uuid, source_document_uuid) VALUES ('8b612b28-e452-4d64-a6b5-396c70609a2f', 0.00, 1000.00, 'FST_UNEARNED_LOAN_ASSET', '10000', 1, 'SND_UNEARNED_LOAN_ASSET_PRINCIPLE', '10000.02', null, null, 'cbf70764-ca28-11e7-b26b-525400dbb013', '77190a95-3303-43a4-9ed0-0662e399c2fa', null, '94c7f770-e5eb-4b97-9c0c-e4255a9f660b', null, '2dd431f6-3e67-48d6-afaf-93b50cd9dc60', '2018-02-12', '2018-03-01 15:07:51', null, null, 422366, '2c5c6380-d3db-40d3-b591-79b4cc60be5e', '2018-02-12 00:00:00', null, '445d31f8-0275-4f7e-9dec-acb582108c95', '41', 1, 'ZC166604489140219904', '147e8ec0-33de-4730-a28d-336ca77d1900', null, null, null, null, null);
INSERT INTO ledger_book_shelf (ledger_uuid, debit_balance, credit_balance, first_account_name, first_account_uuid, account_side, second_account_name, second_account_uuid, third_account_name, third_account_uuid, first_party_id, second_party_id, third_party_id, forward_ledger_uuid, backward_ledger_uuid, batch_serial_uuid, amortized_date, book_in_date, business_voucher_uuid, carried_over_date, contract_id, contract_uuid, default_date, journal_voucher_uuid, ledger_book_no, ledger_book_owner_id, life_cycle, related_lv_1_asset_outer_idenity, related_lv_1_asset_uuid, related_lv_2_asset_outer_idenity, related_lv_2_asset_uuid, related_lv_3_asset_outer_idenity, related_lv_3_asset_uuid, source_document_uuid) VALUES ('94c7f770-e5eb-4b97-9c0c-e4255a9f660b', 1000.00, 0.00, 'FST_RECIEVABLE_ASSET', '20000', 1, 'SND_RECIEVABLE_LOAN_ASSET', '20000.01', 'TRD_RECIEVABLE_LOAN_ASSET_PRINCIPLE', '20000.01.01', 'cbf70764-ca28-11e7-b26b-525400dbb013', '77190a95-3303-43a4-9ed0-0662e399c2fa', null, null, '8b612b28-e452-4d64-a6b5-396c70609a2f', '2dd431f6-3e67-48d6-afaf-93b50cd9dc60', '2018-02-12', '2018-03-01 15:07:51', null, null, 422366, '2c5c6380-d3db-40d3-b591-79b4cc60be5e', '2018-02-12 00:00:00', null, '445d31f8-0275-4f7e-9dec-acb582108c95', '41', 1, 'ZC166604489140219904', '147e8ec0-33de-4730-a28d-336ca77d1900', null, null, null, null, null);
INSERT INTO ledger_book_shelf (ledger_uuid, debit_balance, credit_balance, first_account_name, first_account_uuid, account_side, second_account_name, second_account_uuid, third_account_name, third_account_uuid, first_party_id, second_party_id, third_party_id, forward_ledger_uuid, backward_ledger_uuid, batch_serial_uuid, amortized_date, book_in_date, business_voucher_uuid, carried_over_date, contract_id, contract_uuid, default_date, journal_voucher_uuid, ledger_book_no, ledger_book_owner_id, life_cycle, related_lv_1_asset_outer_idenity, related_lv_1_asset_uuid, related_lv_2_asset_outer_idenity, related_lv_2_asset_uuid, related_lv_3_asset_outer_idenity, related_lv_3_asset_uuid, source_document_uuid) VALUES ('59e886a5-f851-4f88-b83a-59efe3ab9e06', 0.00, 1000.00, 'FST_RECIEVABLE_ASSET', '20000', 1, 'SND_RECIEVABLE_LOAN_ASSET', '20000.01', 'TRD_RECIEVABLE_LOAN_ASSET_PRINCIPLE', '20000.01.01', 'cbf70764-ca28-11e7-b26b-525400dbb013', '77190a95-3303-43a4-9ed0-0662e399c2fa', null, 'f29af1e1-b7ed-4702-a706-b3399ebeeed7', null, 'c3c477cd-a200-4503-a726-25c9539b555a', '2018-02-12', '2018-03-01 15:07:51', null, null, 422366, '2c5c6380-d3db-40d3-b591-79b4cc60be5e', '2018-02-12 00:00:00', null, '445d31f8-0275-4f7e-9dec-acb582108c95', '41', 1, 'ZC166604489140219904', '147e8ec0-33de-4730-a28d-336ca77d1900', null, null, null, null, null);
INSERT INTO ledger_book_shelf (ledger_uuid, debit_balance, credit_balance, first_account_name, first_account_uuid, account_side, second_account_name, second_account_uuid, third_account_name, third_account_uuid, first_party_id, second_party_id, third_party_id, forward_ledger_uuid, backward_ledger_uuid, batch_serial_uuid, amortized_date, book_in_date, business_voucher_uuid, carried_over_date, contract_id, contract_uuid, default_date, journal_voucher_uuid, ledger_book_no, ledger_book_owner_id, life_cycle, related_lv_1_asset_outer_idenity, related_lv_1_asset_uuid, related_lv_2_asset_outer_idenity, related_lv_2_asset_uuid, related_lv_3_asset_outer_idenity, related_lv_3_asset_uuid, source_document_uuid) VALUES ('f29af1e1-b7ed-4702-a706-b3399ebeeed7', 1000.00, 0.00, 'FST_RECIEVABLE_ASSET', '20000', 1, 'SND_RECIEVABLE_OVERDUE_LOAN_ASSET', '20000.05', 'TRD_RECIEVABLE_OVERDUE_LOAN_ASSET_PRINCIPLE', '20000.05.01', 'cbf70764-ca28-11e7-b26b-525400dbb013', '77190a95-3303-43a4-9ed0-0662e399c2fa', null, null, '59e886a5-f851-4f88-b83a-59efe3ab9e06', 'c3c477cd-a200-4503-a726-25c9539b555a', '2018-02-12', '2018-03-01 15:07:51', null, null, 422366, '2c5c6380-d3db-40d3-b591-79b4cc60be5e', '2018-02-12 00:00:00', null, '445d31f8-0275-4f7e-9dec-acb582108c95', '41', 1, 'ZC166604489140219904', '147e8ec0-33de-4730-a28d-336ca77d1900', null, null, null, null, null);
INSERT INTO ledger_book_shelf (ledger_uuid, debit_balance, credit_balance, first_account_name, first_account_uuid, account_side, second_account_name, second_account_uuid, third_account_name, third_account_uuid, first_party_id, second_party_id, third_party_id, forward_ledger_uuid, backward_ledger_uuid, batch_serial_uuid, amortized_date, book_in_date, business_voucher_uuid, carried_over_date, contract_id, contract_uuid, default_date, journal_voucher_uuid, ledger_book_no, ledger_book_owner_id, life_cycle, related_lv_1_asset_outer_idenity, related_lv_1_asset_uuid, related_lv_2_asset_outer_idenity, related_lv_2_asset_uuid, related_lv_3_asset_outer_idenity, related_lv_3_asset_uuid, source_document_uuid) VALUES ('289fc6d5-93d3-4444-8728-645a9fe79c06', 0.00, 1000.00, 'FST_RECIEVABLE_ASSET', '20000', 1, 'SND_RECIEVABLE_OVERDUE_LOAN_ASSET', '20000.05', 'TRD_RECIEVABLE_OVERDUE_LOAN_ASSET_PRINCIPLE', '20000.05.01', 'cbf70764-ca28-11e7-b26b-525400dbb013', '77190a95-3303-43a4-9ed0-0662e399c2fa', null, '5a33b16d-c342-4f4a-b8fa-ca41f4090754', null, '8fe960e6-2252-4aac-8d9b-79042f39bfa1', '2018-02-10', '2018-03-01 15:16:18', '0197ee42-78ca-4121-a16f-edbdc8903a42', '2018-03-01 15:17:20', 422366, '2c5c6380-d3db-40d3-b591-79b4cc60be5e', '2018-02-10 00:00:00', 'e930bd63-279d-4b05-ad84-c712bac96712', '445d31f8-0275-4f7e-9dec-acb582108c95', '41', 1, 'ZC166604489115054080', '87ff8b9e-344d-4da1-bf60-4ce87631b53d', null, null, null, '0cb689bd512ceab49016e76e56d4d465', 'a0c8ea02-adb0-4653-8e2f-c1f66333e1f2');
INSERT INTO ledger_book_shelf (ledger_uuid, debit_balance, credit_balance, first_account_name, first_account_uuid, account_side, second_account_name, second_account_uuid, third_account_name, third_account_uuid, first_party_id, second_party_id, third_party_id, forward_ledger_uuid, backward_ledger_uuid, batch_serial_uuid, amortized_date, book_in_date, business_voucher_uuid, carried_over_date, contract_id, contract_uuid, default_date, journal_voucher_uuid, ledger_book_no, ledger_book_owner_id, life_cycle, related_lv_1_asset_outer_idenity, related_lv_1_asset_uuid, related_lv_2_asset_outer_idenity, related_lv_2_asset_uuid, related_lv_3_asset_outer_idenity, related_lv_3_asset_uuid, source_document_uuid) VALUES ('5a33b16d-c342-4f4a-b8fa-ca41f4090754', 1000.00, 0.00, 'FST_BANK_SAVING', '60000', 1, '100000749_001', '60000.100000749_001', 'TRD_BANK_SAVING_GENERAL_PRINCIPAL', '60000.1000.01', 'cbf70764-ca28-11e7-b26b-525400dbb013', '', null, null, '289fc6d5-93d3-4444-8728-645a9fe79c06', '8fe960e6-2252-4aac-8d9b-79042f39bfa1', '2018-02-10', '2018-03-01 15:16:18', '0197ee42-78ca-4121-a16f-edbdc8903a42', '2018-03-01 15:17:20', 422366, '2c5c6380-d3db-40d3-b591-79b4cc60be5e', '2018-02-10 00:00:00', 'e930bd63-279d-4b05-ad84-c712bac96712', '445d31f8-0275-4f7e-9dec-acb582108c95', '41', 1, 'ZC166604489115054080', '87ff8b9e-344d-4da1-bf60-4ce87631b53d', null, null, null, '0cb689bd512ceab49016e76e56d4d465', 'a0c8ea02-adb0-4653-8e2f-c1f66333e1f2');
INSERT INTO ledger_book_shelf (ledger_uuid, debit_balance, credit_balance, first_account_name, first_account_uuid, account_side, second_account_name, second_account_uuid, third_account_name, third_account_uuid, first_party_id, second_party_id, third_party_id, forward_ledger_uuid, backward_ledger_uuid, batch_serial_uuid, amortized_date, book_in_date, business_voucher_uuid, carried_over_date, contract_id, contract_uuid, default_date, journal_voucher_uuid, ledger_book_no, ledger_book_owner_id, life_cycle, related_lv_1_asset_outer_idenity, related_lv_1_asset_uuid, related_lv_2_asset_outer_idenity, related_lv_2_asset_uuid, related_lv_3_asset_outer_idenity, related_lv_3_asset_uuid, source_document_uuid) VALUES ('308208b8-ff09-4766-83ee-8e6d8751c699', 0.00, 1000.00, 'FST_RECIEVABLE_ASSET', '20000', 1, 'SND_RECIEVABLE_OVERDUE_LOAN_ASSET', '20000.05', 'TRD_RECIEVABLE_OVERDUE_LOAN_ASSET_PRINCIPLE', '20000.05.01', 'cbf70764-ca28-11e7-b26b-525400dbb013', '77190a95-3303-43a4-9ed0-0662e399c2fa', null, 'a0cd0089-ae4d-48ac-ba1b-6d4751e4d130', null, 'b76a9c31-3c1a-40d5-a833-70d661a4530f', '2018-02-11', '2018-03-01 15:17:23', '7b825dba-b469-4452-96af-bb94ec57ffc1', '2018-03-01 15:18:20', 422366, '2c5c6380-d3db-40d3-b591-79b4cc60be5e', '2018-02-11 00:00:00', '82f26c49-3b1e-4297-89db-256b578971a3', '445d31f8-0275-4f7e-9dec-acb582108c95', '41', 1, 'ZC166604489127636992', '1f284ef5-fc2f-4ca3-87c3-5cc1c525c238', null, null, null, '5244c6c8a5149de89c1d908f8f5df719', '54463b38-d2c8-41db-b4ae-35f6ae15f52b');
INSERT INTO ledger_book_shelf (ledger_uuid, debit_balance, credit_balance, first_account_name, first_account_uuid, account_side, second_account_name, second_account_uuid, third_account_name, third_account_uuid, first_party_id, second_party_id, third_party_id, forward_ledger_uuid, backward_ledger_uuid, batch_serial_uuid, amortized_date, book_in_date, business_voucher_uuid, carried_over_date, contract_id, contract_uuid, default_date, journal_voucher_uuid, ledger_book_no, ledger_book_owner_id, life_cycle, related_lv_1_asset_outer_idenity, related_lv_1_asset_uuid, related_lv_2_asset_outer_idenity, related_lv_2_asset_uuid, related_lv_3_asset_outer_idenity, related_lv_3_asset_uuid, source_document_uuid) VALUES ('a0cd0089-ae4d-48ac-ba1b-6d4751e4d130', 1000.00, 0.00, 'FST_BANK_SAVING', '60000', 1, '100000749_001', '60000.100000749_001', 'TRD_BANK_SAVING_GENERAL_PRINCIPAL', '60000.1000.01', 'cbf70764-ca28-11e7-b26b-525400dbb013', '', null, null, '308208b8-ff09-4766-83ee-8e6d8751c699', 'b76a9c31-3c1a-40d5-a833-70d661a4530f', '2018-02-11', '2018-03-01 15:17:23', '7b825dba-b469-4452-96af-bb94ec57ffc1', '2018-03-01 15:18:20', 422366, '2c5c6380-d3db-40d3-b591-79b4cc60be5e', '2018-02-11 00:00:00', '82f26c49-3b1e-4297-89db-256b578971a3', '445d31f8-0275-4f7e-9dec-acb582108c95', '41', 1, 'ZC166604489127636992', '1f284ef5-fc2f-4ca3-87c3-5cc1c525c238', null, null, null, '5244c6c8a5149de89c1d908f8f5df719', '54463b38-d2c8-41db-b4ae-35f6ae15f52b');

INSERT INTO asset_set (guarantee_status, settlement_status, asset_fair_value, asset_principal_value, asset_interest_value, asset_initial_value, asset_recycle_date, confirm_recycle_date, refund_amount, asset_status, on_account_status, repayment_plan_type, last_valuation_time, asset_uuid, create_time, last_modified_time, comment, single_loan_contract_no, contract_id, actual_recycle_date, current_period, overdue_status, overdue_date, version_no, active_status, sync_status, active_deduct_application_uuid, repurchase_status, financial_contract_uuid, asset_finger_print, asset_extra_fee_finger_print, asset_finger_print_update_time, asset_extra_fee_finger_print_update_time, plan_type, write_off_reason, can_be_rollbacked, time_interval, deduction_status, executing_status, executing_status_bak, customer_uuid, contract_uuid, contract_funding_status, version_lock, order_payment_status, repay_schedule_no, outer_repayment_plan_no) VALUES (0, 0, 1000.00, 1000.00, 0.00, 1000.00, '2018-02-10', '2018-03-01', 0.00, 1, 2, 2, '2018-03-01 15:06:22', '3c6d0721-eff5-45ba-90e8-d3c676004044', '2018-03-01 15:06:21', '2018-03-01 15:13:43', null, 'ZC166604114660175872', 422365, '2018-03-01 15:13:40', 1, 1, null, 1, 0, 0, '57a93121-5764-4fec-bfe9-778be415a444', null, '2495a5ce-094e-4eb6-9fb9-95454b138427', 'f6f82a276998813841bd22ea275cf0e9', '00bfd64b58361d989ac8bf13dccc3c9b', '2018-03-01 15:06:21', '2018-03-01 15:06:21', 0, 0, 0, 1, 3, 2, 0, '4b66fe8f-87f7-44fe-8130-3709e665ea83', '32cc3ea8-5268-4e8b-9328-06d5ef6aaa2a', 0, '837a838a-8f50-46d7-9da1-f7bcda274471', 0, null, null);
INSERT INTO asset_set (guarantee_status, settlement_status, asset_fair_value, asset_principal_value, asset_interest_value, asset_initial_value, asset_recycle_date, confirm_recycle_date, refund_amount, asset_status, on_account_status, repayment_plan_type, last_valuation_time, asset_uuid, create_time, last_modified_time, comment, single_loan_contract_no, contract_id, actual_recycle_date, current_period, overdue_status, overdue_date, version_no, active_status, sync_status, active_deduct_application_uuid, repurchase_status, financial_contract_uuid, asset_finger_print, asset_extra_fee_finger_print, asset_finger_print_update_time, asset_extra_fee_finger_print_update_time, plan_type, write_off_reason, can_be_rollbacked, time_interval, deduction_status, executing_status, executing_status_bak, customer_uuid, contract_uuid, contract_funding_status, version_lock, order_payment_status, repay_schedule_no, outer_repayment_plan_no) VALUES (0, 0, 1000.00, 1000.00, 0.00, 1000.00, '2018-04-01', null, 0.00, 0, 1, 0, null, '55b8cf3a-f89e-49eb-a19a-0ba5bf408ffd', '2018-03-01 15:06:21', '2018-03-01 15:06:21', null, 'ZC166604114676953088', 422365, null, 2, 0, null, 1, 0, 0, 'empty_deduct_uuid', null, '2495a5ce-094e-4eb6-9fb9-95454b138427', '06cd5dfac5cb4b5ccbcfade000b74937', '00bfd64b58361d989ac8bf13dccc3c9b', '2018-03-01 15:06:21', '2018-03-01 15:06:21', 0, 0, 0, 0, 0, 0, 0, '4b66fe8f-87f7-44fe-8130-3709e665ea83', '32cc3ea8-5268-4e8b-9328-06d5ef6aaa2a', null, '71fd6b72-5d80-467c-a5b2-3ff8a5b99f13', 0, null, null);
INSERT INTO asset_set (guarantee_status, settlement_status, asset_fair_value, asset_principal_value, asset_interest_value, asset_initial_value, asset_recycle_date, confirm_recycle_date, refund_amount, asset_status, on_account_status, repayment_plan_type, last_valuation_time, asset_uuid, create_time, last_modified_time, comment, single_loan_contract_no, contract_id, actual_recycle_date, current_period, overdue_status, overdue_date, version_no, active_status, sync_status, active_deduct_application_uuid, repurchase_status, financial_contract_uuid, asset_finger_print, asset_extra_fee_finger_print, asset_finger_print_update_time, asset_extra_fee_finger_print_update_time, plan_type, write_off_reason, can_be_rollbacked, time_interval, deduction_status, executing_status, executing_status_bak, customer_uuid, contract_uuid, contract_funding_status, version_lock, order_payment_status, repay_schedule_no, outer_repayment_plan_no) VALUES (0, 0, 1000.00, 1000.00, 0.00, 1000.00, '2018-06-01', null, 0.00, 0, 1, 0, null, 'b426f008-b029-49d7-90db-141374021323', '2018-03-01 15:06:21', '2018-03-01 15:06:21', null, 'ZC166604114689536000', 422365, null, 3, 0, null, 1, 0, 0, 'empty_deduct_uuid', null, '2495a5ce-094e-4eb6-9fb9-95454b138427', '7fd1f0f16e3538a26ff86f462b2eaf7c', '00bfd64b58361d989ac8bf13dccc3c9b', '2018-03-01 15:06:21', '2018-03-01 15:06:21', 0, 0, 0, 0, 0, 0, 0, '4b66fe8f-87f7-44fe-8130-3709e665ea83', '32cc3ea8-5268-4e8b-9328-06d5ef6aaa2a', null, '4a092d70-8bf3-4aa0-ade5-82669cb5cc38', 0, null, null);

INSERT INTO asset_set (guarantee_status, settlement_status, asset_fair_value, asset_principal_value, asset_interest_value, asset_initial_value, asset_recycle_date, confirm_recycle_date, refund_amount, asset_status, on_account_status, repayment_plan_type, last_valuation_time, asset_uuid, create_time, last_modified_time, comment, single_loan_contract_no, contract_id, actual_recycle_date, current_period, overdue_status, overdue_date, version_no, active_status, sync_status, active_deduct_application_uuid, repurchase_status, financial_contract_uuid, asset_finger_print, asset_extra_fee_finger_print, asset_finger_print_update_time, asset_extra_fee_finger_print_update_time, plan_type, write_off_reason, can_be_rollbacked, time_interval, deduction_status, executing_status, executing_status_bak, customer_uuid, contract_uuid, contract_funding_status, version_lock, order_payment_status, repay_schedule_no, outer_repayment_plan_no) VALUES (0, 0, 1000.00, 1000.00, 0.00, 1000.00, '2018-02-10', '2018-03-01', 0.00, 1, 2, 2, '2018-03-01 15:07:51', '87ff8b9e-344d-4da1-bf60-4ce87631b53d', '2018-03-01 15:07:51', '2018-03-01 15:16:18', null, 'ZC166604489115054080', 422366, '2018-03-01 15:17:20', 1, 1, null, 1, 0, 0, '0197ee42-78ca-4121-a16f-edbdc8903a42', null, '2495a5ce-094e-4eb6-9fb9-95454b138427', 'f6f82a276998813841bd22ea275cf0e9', '00bfd64b58361d989ac8bf13dccc3c9b', '2018-03-01 15:07:51', '2018-03-01 15:07:51', 0, 0, 0, 1, 2, 2, 0, '77190a95-3303-43a4-9ed0-0662e399c2fa', '2c5c6380-d3db-40d3-b591-79b4cc60be5e', 0, '94296627-dda6-48cd-974b-8a9e5ba273ba', 0, null, null);
INSERT INTO asset_set (guarantee_status, settlement_status, asset_fair_value, asset_principal_value, asset_interest_value, asset_initial_value, asset_recycle_date, confirm_recycle_date, refund_amount, asset_status, on_account_status, repayment_plan_type, last_valuation_time, asset_uuid, create_time, last_modified_time, comment, single_loan_contract_no, contract_id, actual_recycle_date, current_period, overdue_status, overdue_date, version_no, active_status, sync_status, active_deduct_application_uuid, repurchase_status, financial_contract_uuid, asset_finger_print, asset_extra_fee_finger_print, asset_finger_print_update_time, asset_extra_fee_finger_print_update_time, plan_type, write_off_reason, can_be_rollbacked, time_interval, deduction_status, executing_status, executing_status_bak, customer_uuid, contract_uuid, contract_funding_status, version_lock, order_payment_status, repay_schedule_no, outer_repayment_plan_no) VALUES (0, 0, 1000.00, 1000.00, 0.00, 1000.00, '2018-02-11', '2018-03-01', 0.00, 1, 2, 2, '2018-03-01 15:07:51', '1f284ef5-fc2f-4ca3-87c3-5cc1c525c238', '2018-03-01 15:07:51', '2018-03-01 15:17:23', null, 'ZC166604489127636992', 422366, '2018-03-01 15:18:20', 2, 1, null, 1, 0, 0, '7b825dba-b469-4452-96af-bb94ec57ffc1', null, '2495a5ce-094e-4eb6-9fb9-95454b138427', 'de96a4ee22ab71a465fe5c2dd031dfff', '00bfd64b58361d989ac8bf13dccc3c9b', '2018-03-01 15:07:51', '2018-03-01 15:07:51', 0, 0, 0, 1, 3, 2, 0, '77190a95-3303-43a4-9ed0-0662e399c2fa', '2c5c6380-d3db-40d3-b591-79b4cc60be5e', 0, 'e3ec79c2-34a6-4e30-9ca9-ef93a424e56a', 0, null, null);
INSERT INTO asset_set (guarantee_status, settlement_status, asset_fair_value, asset_principal_value, asset_interest_value, asset_initial_value, asset_recycle_date, confirm_recycle_date, refund_amount, asset_status, on_account_status, repayment_plan_type, last_valuation_time, asset_uuid, create_time, last_modified_time, comment, single_loan_contract_no, contract_id, actual_recycle_date, current_period, overdue_status, overdue_date, version_no, active_status, sync_status, active_deduct_application_uuid, repurchase_status, financial_contract_uuid, asset_finger_print, asset_extra_fee_finger_print, asset_finger_print_update_time, asset_extra_fee_finger_print_update_time, plan_type, write_off_reason, can_be_rollbacked, time_interval, deduction_status, executing_status, executing_status_bak, customer_uuid, contract_uuid, contract_funding_status, version_lock, order_payment_status, repay_schedule_no, outer_repayment_plan_no) VALUES (0, 0, 1000.00, 1000.00, 0.00, 1000.00, '2018-02-12', null, 0.00, 0, 1, 0, '2018-03-01 15:07:51', '147e8ec0-33de-4730-a28d-336ca77d1900', '2018-03-01 15:07:51', '2018-03-01 15:07:51', null, 'ZC166604489140219904', 422366, null, 3, 1, null, 1, 0, 0, 'empty_deduct_uuid', null, '2495a5ce-094e-4eb6-9fb9-95454b138427', 'e4830024f1f940d77d149f4db3735f41', '00bfd64b58361d989ac8bf13dccc3c9b', '2018-03-01 15:07:51', '2018-03-01 15:07:51', 0, 0, 0, 1, 0, 1, 0, '77190a95-3303-43a4-9ed0-0662e399c2fa', '2c5c6380-d3db-40d3-b591-79b4cc60be5e', null, '02f0ffe4-86d7-4dca-85db-f8f4cfb22407', 0, null, null);

INSERT INTO customer (account, mobile, name, source, app_id, customer_uuid, customer_type, customer_style, status, id_type) VALUES ('320301198502169142', null, '王宝', 'bd0dd2c6-bbeb-4077-b692-21e35892ef5d', 39, '4b66fe8f-87f7-44fe-8130-3709e665ea83', 0, 0, 0, 0);
INSERT INTO customer (account, mobile, name, source, app_id, customer_uuid, customer_type, customer_style, status, id_type) VALUES ('320301198502169142', null, '王宝', 'ed92c602-a280-453b-afb1-28498758857c', 39, '77190a95-3303-43a4-9ed0-0662e399c2fa', 0, 0, 0, 0);

INSERT INTO t_tencent_abs_trail (financial_contract_uuid, financial_contract_no, contract_unique_id, contract_uuid, asset_set_uuid, last_modified_time, file_type) VALUES ('2495a5ce-094e-4eb6-9fb9-95454b138427', 'WB123', 'd51d56b4-5354-4d2c-8429-dc7e7629e511', '32cc3ea8-5268-4e8b-9328-06d5ef6aaa2a', '3c6d0721-eff5-45ba-90e8-d3c676004044', '2018-03-01 22:58:17', '1');
INSERT INTO t_tencent_abs_trail (financial_contract_uuid, financial_contract_no, contract_unique_id, contract_uuid, asset_set_uuid, last_modified_time, file_type) VALUES ('2495a5ce-094e-4eb6-9fb9-95454b138427', 'WB123', 'a706d78a-b146-45bd-9230-6afd0ea090a8', '2c5c6380-d3db-40d3-b591-79b4cc60be5e', '87ff8b9e-344d-4da1-bf60-4ce87631b53d', '2018-03-01 22:58:17', '1');
INSERT INTO t_tencent_abs_trail (financial_contract_uuid, financial_contract_no, contract_unique_id, contract_uuid, asset_set_uuid, last_modified_time, file_type) VALUES ('2495a5ce-094e-4eb6-9fb9-95454b138427', 'WB123', 'a706d78a-b146-45bd-9230-6afd0ea090a8', '2c5c6380-d3db-40d3-b591-79b4cc60be5e', '1f284ef5-fc2f-4ca3-87c3-5cc1c525c238', '2018-03-01 22:58:17', '1');

