SET FOREIGN_KEY_CHECKS=0;

delete from `t_remittance_application`;
delete from `financial_contract`;
delete from `t_remittance_plan`;
delete from `t_remittance_plan_exec_log`;
delete from `t_remittance_refund_bill`;
delete from `asset_set`;
delete from `rent_order`;
delete from `transfer_application`;
delete from `offline_bill`;
delete from `source_document`;
delete from `t_deduct_application`;
delete from `repurchase_doc`;

INSERT INTO `t_remittance_application` (`id`, `remittance_application_uuid`, `request_no`, `financial_contract_uuid`, `financial_contract_id`, `financial_product_code`, `contract_unique_id`, `contract_no`, `planned_total_amount`, `actual_total_amount`, `auditor_name`, `audit_time`, `notify_url`, `plan_notify_number`, `actual_notify_number`, `remittance_strategy`, `remark`, `transaction_recipient`, `execution_status`, `execution_remark`, `create_time`, `creator_name`, `ip`, `last_modified_time`)
VALUES
	(1, 'remittance_application_uuid1', 'request_no1', 'financial_contract_uuid1', 1, 'G00003', 'contract_unique_id1', 'contract_no1', 0.03, 0.01, '', NULL, NULL, 0, 0, 0, '20160912测试', 1, 3, NULL, '2016-09-18 17:32:23', 't_test', '127.0.0.1', '2016-09-19 17:32:58'),
	(2, 'remittance_application_uuid1', 'request_no2', 'financial_contract_uuid2', 1, 'G00003', 'contract_unique_id2', 'contract_no2', 0.04, 0.00, '', NULL, NULL, 0, 0, 0, '20160913测试', 1, 2, NULL, '2016-09-19 17:32:23', 't_test', '127.0.0.1', '2016-09-19 17:32:58'),
	(3, 'remittance_application_uuid3', 'request_no3', 'financial_contract_uuid3', 2, 'G00003', 'contract_unique_id3', 'contract_no3', 0.05, 0.00, '', NULL, NULL, 0, 0, 0, '20160913测试', 1, 2, NULL, '2016-09-19 17:32:23', 't_test', '127.0.0.1', '2016-09-19 17:32:58');

INSERT INTO `financial_contract` (`id`, `adva_matuterm`, `adva_start_date`, `contract_no`, `contract_name`, `app_id`, `company_id`, `adva_repo_term`, `thru_date`, `capital_account_id`, `financial_contract_type`, `loan_overdue_start_day`, `loan_overdue_end_day`, `payment_channel_id`, `ledger_book_no`, `financial_contract_uuid`, `sys_normal_deduct_flag`, `sys_overdue_deduct_flag`, `sys_create_penalty_flag`, `sys_create_guarantee_flag`, `unusual_modify_flag`, `sys_create_statement_flag`, `transaction_limit_per_transcation`, `transaction_limit_per_day`, `remittance_strategy_mode`, `app_account_uuids`, `allow_online_repayment`, `allow_offline_repayment`, `allow_advance_deduct_flag`, `adva_repayment_term`, `penalty`, `overdue_default_fee`, `overdue_service_fee`, `overdue_other_fee`, `create_time`, `last_modified_time`, `asset_package_format`)
VALUES 
	('1', '6', '2015-01-01 00:00:00', 'sd', 'sff', '1', '1', '6', '2016-01-01 00:00:00', '5', '1', '5', '5', '2', '74a9ce4d-cafc-407d-b013-987077541bdc', '2d380fe1-7157-490d-9474-12c5a9901e29', '1', '1', '0', '1', '0', '0', '45.00', '45.00', '0', 'null', '1', '1', '0', '4', '-1', NULL, NULL, NULL, NULL, '2016-11-23 20:11:26', '1'),
	('2', '3', '2016-06-14 00:00:00', 'ceshi003', 'test006', '1', '1', '91', '2016-06-25 00:00:00', '16', '0', '1', '90', '1', 'c374dc6b-132d-4260-86be-534b153a7464', '92846f20-87e3-49f4-8f90-fe04a72c0484', '0', '0', '0', '0', '0', '0', '6.00', '7.00', '2', '[\"ee5302a4-553b-41f7-b87e-2ebddce576b6\",\"1ecc0f83-335a-4af2-b1f4-24d87dae3f97\"]', '0', '1', '0', '1', '-1', '-1.00', NULL, NULL, NULL, '2016-11-22 14:35:50', '0');

INSERT INTO `t_remittance_plan` (`id`, `remittance_plan_uuid`, `remittance_application_uuid`, `remittance_application_detail_uuid`, `business_record_no`, `financial_contract_uuid`, `financial_contract_id`, `contract_unique_id`, `contract_no`, `payment_gateway`, `payment_channel_uuid`, `payment_channel_name`, `pg_account_name`, `pg_account_no`, `pg_clearing_account`, `transaction_type`, `transaction_remark`, `priority_level`, `cp_bank_code`, `cp_bank_card_no`, `cp_bank_account_holder`, `cp_id_type`, `cp_id_number`, `cp_bank_province`, `cp_bank_city`, `cp_bank_name`, `planned_payment_date`, `complete_payment_date`, `planned_total_amount`, `actual_total_amount`, `execution_precond`, `execution_status`, `execution_remark`, `transaction_serial_no`, `create_time`, `creator_name`, `last_modified_time`)
VALUES 
	('1', '7428638b-0dd3-47f5-8dc7-48a4b0c536dc', 'd0f124bd-a10c-4778-9888-aa3ffcd80b49', '59ea089c-b4cd-4aef-8f6f-6dcd8f60bc9a', '1', 'db36ecc9-d80c-4350-bd0d-59b1139d550d', '33', '4a581fd2-78a7-4159-ba08-bca84d0f1026', '', '1', 'f8bb9956-1952-4893-98c8-66683d25d7ce', 'G00003平安银企直连测试', NULL, NULL, NULL, '0', NULL, '1', 'C10102', '5685968545868856', '汪水', '0', 'idNumber1', 'bankProvince1', 'bankCity1', 'bankName1', '2016-08-20 00:00:00', NULL, '0.02', '0.00', NULL, '3', '无法查询到该交易！', NULL, '2016-09-01 11:29:28', 't_test_zfb', '2016-09-01 11:43:27'),
	('2', 'c0239cb2-bbb8-40fe-8862-14e12bc66a59', 'd0f124bd-a10c-4778-9888-aa3ffcd80b49', '8a6e764d-fda4-401c-9f6b-f4f2924a1b7b', 'detailNo2', 'db36ecc9-d80c-4350-bd0d-59b1139d550d', '33', '4a581fd2-78a7-4159-ba08-bca84d0f1026', '', '1', 'f8bb9956-1952-4893-98c8-66683d25d7ce', 'G00003平安银企直连测试', NULL, NULL, NULL, '0', NULL, '2', 'C10102', '123456789', '测试用户2', '0', 'idNumber2', 'bankProvince2', 'bankCity2', 'bankName2', '2016-08-20 00:00:00', NULL, NULL, '0.00', '{\"abandon\":[\"7428638b-0dd3-47f5-8dc7-48a4b0c536dc\"],\"start\":[\"7428638b-0dd3-47f5-8dc7-48a4b0c536dc\"]}', '3', '无法查询到该交易！', NULL, '2016-09-01 11:29:28', 't_test_zfb', '2016-09-01 11:43:27'),
	('3', '4c7cd6ff-6006-41b9-a599-63d7c70c8585', '183fdea2-9773-4686-ba87-9caf83865609', 'e4b35c9d-eca4-4897-bdc6-31d6741c6372', '1', 'ab36ecc9-d80c-4350-bd0d-59b1139d550d', '33', '547083b0-0c32-42b4-862e-653e85d944fa', 'G00003(zht205999057302258273)', '1', 'f8bb9956-1952-4893-98c8-66683d25d7ce', 'G00003平安银企直连测试', NULL, NULL, NULL, '0', NULL, '1', 'C10105', '6217001210031616418', '王胜达', '0', '410402198801115658', '310000', '310100', 'jianshe', '2016-09-01 00:00:00', NULL, NULL, '0.00', NULL, '3', '无法查询到该交易！', NULL, '2016-09-01 11:37:43', 't_merchant', '2016-09-01 11:43:27');

INSERT INTO `t_remittance_plan_exec_log` (`id`, `remittance_application_uuid`, `remittance_plan_uuid`, `financial_contract_uuid`, `financial_contract_id`, `payment_gateway`, `payment_channel_uuid`, `payment_channel_name`, `pg_account_name`, `pg_account_no`, `pg_clearing_account`, `planned_amount`, `actual_total_amount`, `cp_bank_code`, `cp_bank_card_no`, `cp_bank_account_holder`, `cp_id_type`, `cp_id_number`, `cp_bank_province`, `cp_bank_city`, `cp_bank_name`, `transaction_type`, `transaction_remark`, `exec_req_no`, `exec_rsp_no`, `execution_status`, `execution_remark`, `transaction_serial_no`, `complete_payment_date`, `create_time`, `last_modified_time`, `plan_credit_cash_flow_check_number`, `actual_credit_cash_flow_check_number`, `reverse_status`, `credit_cash_flow_uuid`, `debit_cash_flow_uuid`, `transaction_recipient`)
VALUES 
 	('1', 'remittance_application_uuid1', 'remittance_plan_uuid1', 'b674a323-0c30-4e4b-9eba-b14e05a9d80a', '37', '0', 'payment_channel_uuid1', 'payment_channel_name1', 'pg_account_name1', 'pg_account_no1', 'pg_clearing_account1', '0.03', '0.00', 'cp_bank_code1', 'cp_bank_card_no1', 'cp_bank_account_holder1', '0', 'cp_id_number1', 'cp_bank_province1', 'cp_bank_city1', 'cp_bank_name1', '0', NULL, 'exec_req_no1', 'exec_rsp_no1', '3', NULL, 'transaction_serial_no1', '2016-09-22 15:32:23', '2016-09-22 15:32:23', '2016-09-22 15:32:58', '55', '0', '0', 'credit_cash_flow_uuid1', 'debit_cash_flow_uuid1','1'),
	('2', 'remittance_application_uuid2', 'remittance_plan_uuid2', 'b674a323-0c30-4e4b-9eba-b14e05a9d80a', '37', '0', 'payment_channel_uuid2', 'payment_channel_name2', 'pg_account_name2', 'pg_account_no2', 'pg_clearing_account2', '0.04', '0.00', 'cp_bank_code2', 'cp_bank_card_no2', 'cp_bank_account_holder2', '0', 'cp_id_number2', 'cp_bank_province2', 'cp_bank_city2', 'cp_bank_name2', '0', NULL, 'exec_req_no2', 'exec_rsp_no2', '2', NULL, 'transaction_serial_no2', '2016-09-22 15:32:23', '2016-09-22 15:32:23', '2016-09-22 15:32:58', '0', '0', '0', 'credit_cash_flow_uuid2', 'debit_cash_flow_uuid2','1'),
	('3', 'remittance_application_uuid3', 'remittance_plan_uuid3', 'b674a323-0c30-4e4b-9eba-b14e05a9d80a', '37', '0', 'payment_channel_uuid3', 'payment_channel_name3', 'pg_account_name3', 'pg_account_no3', 'pg_clearing_account3', NULL, '0.00', 'cp_bank_code3', 'cp_bank_card_no3', 'cp_bank_account_holder3', '0', 'cp_id_number3', 'cp_bank_province3', 'cp_bank_city3', 'cp_bank_name3', '0', NULL, 'exec_req_no3', 'exec_rsp_no3', '1', NULL, 'transaction_serial_no3', '2016-09-22 15:32:23', '2016-09-22 15:32:23', '2016-09-22 15:32:58', '55', '0', '0', 'credit_cash_flow_uuid3', 'debit_cash_flow_uuid3','1'),
	('4', 'remittance_application_uuid4', 'remittance_plan_uuid4', 'a674a323-0c30-4e4b-9eba-b14e05a9d80a', '37', '0', 'payment_channel_uuid3', 'payment_channel_name3', 'pg_account_name3', 'pg_account_no3', 'pg_clearing_account3', NULL, '0.00', 'cp_bank_code3', 'cp_bank_card_no3', 'cp_bank_account_holder3', '0', 'cp_id_number3', 'cp_bank_province3', 'cp_bank_city3', 'cp_bank_name3', '0', NULL, 'exec_req_no3', 'exec_rsp_no3', '1', NULL, 'transaction_serial_no3', '2016-09-22 15:32:23', '2016-09-22 15:32:23', '2016-09-22 15:32:58', '55', '0', '0', 'credit_cash_flow_uuid3', 'debit_cash_flow_uuid3','0');

INSERT INTO `t_remittance_refund_bill` (`id`, `remittance_refund_bill_uuid`, `financial_contract_uuid`, `financial_contract_id`, `channel_cash_flow_no`, `payment_channel_name`, `payment_gateway`, `payment_channel_uuid`, `create_time`, `transaction_time`, `host_account_uuid`, `host_account_no`, `host_account_name`, `counter_account_no`, `counter_account_name`, `related_exec_req_no`, `transaction_type`, `amount`, `last_modified_time`)
VALUES 
	('1', '517afea7-f2f2-4849-aaad-aa451d4fbb01', 'd2812bc5-5057-4a91-b3fd-9019506f0499', '38', '207e3cd6-7ff0-11e6-a06e-cd11eb6a4f4d', 'G31700平安银企直联', '2', 'f8bb9956-1952-4893-98c8-66683d25d7ce', '2016-09-21 19:43:24', '2016-09-01 14:07:13', NULL, '600000000001', '云南国际信托有限公司', '62270072003411224537', '韩梅梅', '03125277-0d91-435a-a634-471dfc40765b', '0', '0.02', '2016-09-21 19:43:24'),
	('2', '517afea7-f2f2-4849-aaad-aa451d4fbb02', 'd2812bc5-5057-4a91-b3fd-9019506f0499', '38', '207e3cd6-7ff0-11e6-a06e-cd11eb6a4f4d', 'G31700平安银企直联', '2', 'f8bb9956-1952-4893-98c8-66683d25d7ce', '2016-09-21 19:43:24', '2016-09-01 14:07:13', NULL, '600000000001', '云南国际信托有限公司', '62270072003411224537', '韩梅梅', '03125277-0d91-435a-a634-471dfc40765b', '0', NULL, '2016-09-21 19:43:24'),
	('3', '517afea7-f2f2-4849-aaad-aa451d4fbb03', 'a2812bc5-5057-4a91-b3fd-9019506f0499', '38', '207e3cd6-7ff0-11e6-a06e-cd11eb6a4f4d', 'G31700平安银企直联', '2', 'f8bb9956-1952-4893-98c8-66683d25d7ce', '2016-09-21 19:43:24', '2016-09-01 14:07:13', NULL, '600000000001', '云南国际信托有限公司', '62270072003411224537', '韩梅梅', '03125277-0d91-435a-a634-471dfc40765b', '0', NULL, '2016-09-21 19:43:24');

INSERT INTO `asset_set` (`id`, `asset_fair_value`, `asset_principal_value`, `asset_interest_value`, `asset_initial_value`, `asset_recycle_date`, `confirm_recycle_date`, `refund_amount`, `asset_status`, `on_account_status`, `repayment_plan_type`, `last_valuation_time`, `asset_uuid`, `create_time`, `last_modified_time`, `comment`, `single_loan_contract_no`, `contract_id`, `actual_recycle_date`, `current_period`, `overdue_status`, `overdue_date`, `version_no`, `active_status`, `sync_status`, `active_deduct_application_uuid`, `financial_contract_uuid`,`executing_status`,`deduction_status`)
VALUES 
	('1','100.00', '0.00', '1200.00', '1201.00', '2016-12-06', NULL, '0.00', '0', '1', '0', '2016-11-04 03:00:10', '18b302ac-281d-4b39-b906-cded34b42b58', '2016-05-27 18:27:15', '2016-11-04 03:00:10', '265', 'ZC2730FAE4092E0A6E', '1', NULL, '1', '2', '2016-07-28', '1', '0', '0', 'empty_deduct_uuid', '2d380fe1-7157-490d-9474-12c5a9901e29','1','1'),
	('2', '1300.20', '0.00', '1200.00', '1200.00', '2016-12-06', NULL, '0.00', '0', '2', '0', '2016-11-04 03:00:11', 'b2453ef0-853a-47a7-a41e-de6fe2bad389', '2016-05-27 18:27:16', '2016-11-04 03:00:11', NULL, 'ZC2730FAE4095260A1', '2', NULL, '1', '2', '2016-07-01', '1', '0', '0', 'empty_deduct_uuid', '2d380fe1-7157-490d-9474-12c5a9901e29','1','1'),
	('3', '2600.40', '0.00', '2400.00', '2000.00', '2016-12-06', NULL, '0.00', '0', '2', '0', '2016-11-04 03:00:11', '57d007bc-d590-492c-9622-3689cc552539', '2016-05-27 18:27:16', '2016-11-04 03:00:11', NULL, 'ZC2730FAE409733A89', '3', NULL, '1', '2', '2016-07-29', '1', '0', '0', 'empty_deduct_uuid',  '2d380fe1-7157-490d-9474-12c5a9901e29','1','1'),
	('4', NULL, '0.00', '2100.00', NULL, '2016-12-06', NULL, '0.00', '0', '2', '0', '2016-11-04 03:00:12', '61f5a455-93ab-4c14-9cf6-45ab32da456a', '2016-05-27 18:27:16', '2016-11-04 03:00:12', NULL, 'ZC2730FAE409912CBB', '4', NULL, '1', '1', NULL, '1', '0', '0', 'empty_deduct_uuid', '92846f20-87e3-49f4-8f90-fe04a72c0484','1','1');

INSERT INTO `rent_order` (`id`, `order_type`, `due_date`, `order_no`, `payout_time`, `total_rent`, `customer_id`, `user_upload_param`, `modify_time`, `financial_contract_id`, `repayment_bill_id`, `asset_set_id`, `create_time`, `clearing_status`, `executing_settling_status`, `comment`)
VALUES 
	('1', '0', '2016-05-27', 'JS2730FAE57E8F1E67', NULL, '1203.60', '1', '[1,2,3,4,5,6,7,8,9,10,11]', '2016-05-27 18:29:50', '1', '4dee1d4bce2742d19480e236585f2b46', '1', '2016-05-27 18:28:12', '0', '1', NULL),
	('2', '0', '2016-05-27', 'JS2730FAE57E967894', NULL, '1203.10', '2', '[12,13,14,15,16,17,18,19,20,21,22]', '2016-05-27 18:29:40', '1', '6b6785f4290644008e8b1aa24333687f', '2', '2016-05-27 18:28:12', '0', '1', NULL),
	('3', '0', '2016-05-27', 'JS2730FAE57E9D0AE6', NULL, '2400.20', '3', '[23,24,25,26,27,28,29,30,31,32,33]', '2016-05-27 18:29:10', '1', '1c55ad89db38456e8b6c3b4077bb2356', '3', '2016-05-27 18:28:12', '0', '1', NULL),
	('4', '0', '2016-05-27', 'JS2730FAE57F6C57EA', NULL, NULL, '4', '[34,35,36,37,38,39,40,41,42,43,44]', '2016-05-27 18:29:10', '2', '86848c6a940f43b4b5ab0d221f16a7bf', '4', '2016-05-27 18:28:12', '0', '1', NULL),
	('5', '1', '2016-05-27', 'JS2730FAE57E8F1E62', NULL, '1203.60', '1', '[1,2,3,4,5,6,7,8,9,10,11]', '2016-05-27 18:29:50', '1', '4dee1d4bce2742d19480e236585f2b46', '1', '2016-05-27 18:28:12', '0', '1', NULL),
	('6', '1', '2016-05-27', 'JS2730FAE57E967891', NULL, '1203.10', '2', '[12,13,14,15,16,17,18,19,20,21,22]', '2016-05-27 18:29:40', '1', '6b6785f4290644008e8b1aa24333687f', '2', '2016-05-27 18:28:12', '0', '1', NULL),
	('7', '1', '2016-05-27', 'JS2730FAE57E9D0AE3', NULL, '2400.20', '3', '[23,24,25,26,27,28,29,30,31,32,33]', '2016-05-27 18:29:10', '1', '1c55ad89db38456e8b6c3b4077bb2356', '3', '2016-05-27 18:28:12', '0', '1', NULL),
	('8', '1', '2016-05-27', 'JS2730FAE57F6C57E5', NULL, NULL, '4', '[34,35,36,37,38,39,40,41,42,43,44]', '2016-05-27 18:29:10', '2', '86848c6a940f43b4b5ab0d221f16a7bf', '4', '2016-05-27 18:28:12', '0', '1', NULL);

INSERT INTO `transfer_application` (`id`, `transfer_application_uuid`, `amount`, `batch_pay_record_id`, `comment`, `create_time`, `creator_id`, `deduct_status`, `payment_way`, `executing_deduct_status`, `transfer_application_no`, `order_id`, `deduct_time`, `last_modified_time`, `contract_account_id`, `union_pay_order_no`, `payment_channel_uuid`, `deduct_send_time`, `financial_contract_id`)
VALUES 
	('1', 'c8d7853be89440c992ae9965bc42b8a4', '1203.60', '1', '其它错误', '2016-05-27 18:29:23', NULL, '0', '0', '3', '2730FAE730924164', '1', NULL, '2016-05-27 18:38:40', '1', '2730FAE730924164', NULL, '2016-05-27 18:29:23', '1'),
	('2', 'bbf7cb2968e4477594cf42840becc4ec', '1203.60', '2', '其它错误', '2016-05-27 18:29:23', NULL, '0', '0', '3', '2730FAE7309827A4', '2', NULL, '2016-05-27 18:38:50', '2', '2730FAE7309827A4', NULL, '2016-05-27 18:29:23', '1'),
	('3', '5d8486d60ca247d08075de513bc24087', NULL, '3', '超出取款次数限制', '2016-05-27 18:29:23', NULL, '0', '0', '3', '2730FAE7309CC9E0', '3', NULL, '2016-05-27 18:30:22', '3', '2730FAE7309CC9E0', NULL, '2016-05-27 18:29:23', '1'),
	('4', 'd2ce3fc35b5e47ca90782a8bb747c5b1', NULL, '4', '其它错误', '2016-05-27 18:29:23', NULL, '0', '0', '3', '2730FAE730A1D0B7', '4', NULL, '2016-05-27 18:38:11', '4', '2730FAE730A1D0B7', NULL, '2016-05-27 18:29:23', '2');

INSERT INTO `offline_bill` (`id`, `amount`, `bank_show_name`, `comment`, `create_time`, `trade_time`, `is_delete`, `status_modified_time`, `last_modified_time`, `offline_bill_no`, `offline_bill_status`, `offline_bill_uuid`, `serial_no`, `payer_account_name`, `payer_account_no`, `financial_contract_uuid`) 
VALUES 
	('1', '8900.00', 'nibaa', 'fghjkl', '2016-05-28 21:13:08', '2016-05-04 09:45:00', '\0', '2016-05-28 21:13:08', '2016-05-28 21:13:08', 'XX27310C98501C416F', '1', '97fc01a6117640f38730033265f60766', '234567890', 'nimaa', '34567890-', '2d380fe1-7157-490d-9474-12c5a9901e29'),
	('2', '10.12', '款方开户行', 'comment', '2016-05-31 15:05:23', '2016-04-25 04:20:00', '\0', '2016-05-31 15:05:23', '2016-05-31 15:05:23', 'XX273138F8CE27B3A7', '1', '6b8e03e450ae4ab3b9e10edd3df48f67', '支付机构流水号', '款方名称', '120003', '2d380fe1-7157-490d-9474-12c5a9901e29'),
	('3', NULL, '测试开户行', '测试', '2016-06-12 17:52:18', '2016-06-12 17:51:00', '\0', '2016-06-12 17:52:18', '2016-06-12 17:52:18', 'XX27364A719E8B0330', '1', '9e65729c541f4acbb5018a61fd70e0a4', 'BHAVBCH0486048', '测试', '622848', '2d380fe1-7157-490d-9474-12c5a9901e29'),
	('4', NULL, '11', '1', '2016-06-16 15:47:49', '2016-06-07 08:45:00', '\0', '2016-06-16 15:47:49', '2016-06-16 15:47:49', 'XX27368939485E927A', '1', '3de0ca3013f2409e924c0e89f0b8fac3', '1', '1', '1', '92846f20-87e3-49f4-8f90-fe04a72c0484');

INSERT INTO `source_document` (`id`, `company_id`, `source_document_uuid`, `source_document_type`, `create_time`, `issued_time`, `source_document_status`, `source_account_side`, `booking_amount`, `outlier_document_uuid`, `outlier_trade_time`, `outlier_counter_party_account`, `outlier_counter_party_name`, `outlier_account`, `outlie_account_name`, `outlier_account_id`, `outlier_company_id`, `outlier_serial_global_identity`, `outlier_memo`, `outlier_amount`, `outlier_settlement_modes`, `outlier_breif`, `outlier_account_side`, `appendix`, `first_outlier_doc_type`, `second_outlier_doc_type`, `third_outlier_doc_type`, `currency_type`, `audit_status`, `first_party_id`, `second_party_id`, `virtual_account_uuid`, `first_account_id`, `second_account_id`, `third_account_id`, `excute_status`, `excute_result`, `related_contract_uuid`, `financial_contract_uuid`, `source_document_no`, `first_party_type`, `first_party_name`, `virtual_account_no`, `last_modified_time`) 
VALUES 
	('1', '1', 'df937f9856b9436baf915b1f873129a6', '1', '2016-05-27 18:32:35', '2016-05-27 18:32:36', '1', '1', '2406.00', '97fc01a6117640f38730033265f60766', '2016-05-27 18:29:50', '6217000000000000000', '测试用户18', 'account_no', 'account_name', '5', '1', '2730FAE730E7B3C6', '', '2406.00', '3', '', '1', '', 'batch_pay_record', '', '', NULL, '2', NULL, NULL, NULL, NULL, NULL, NULL, '2', NULL, NULL, NULL, NULL, NULL, NULL, NULL, '2016-05-27 18:32:36'),
	('2', '1', '554eb836c238421aade748501184b724', '1', '2016-05-27 18:32:36', '2016-05-27 18:32:36', '1', '1', '1804.50', '6b8e03e450ae4ab3b9e10edd3df48f67', '2016-05-27 18:29:53', '6217000000000000000', '测试用户19', 'account_no', 'account_name', '5', '1', '2730FAE730EC7B52', '', '1804.50', '3', '', '1', '', 'batch_pay_record', '', '', NULL, '2', NULL, NULL, NULL, NULL, NULL, NULL, '2', NULL, NULL, NULL, NULL, NULL, NULL, NULL, '2016-05-27 18:32:36'),
	('3', '1', 'ea1ec4d5dedd4f8fba2744132cf72065', '1', '2016-05-27 18:38:35', '2016-05-27 18:38:35', '1', '1', '3007.50', '9e65729c541f4acbb5018a61fd70e0a4', '2016-05-27 18:29:53', '6217000000000000000', '测试用户20', 'account_no', 'account_name', '5', '1', '2730FAE730F0BFD2', '', '3007.50', '3', '', '1', '', 'batch_pay_record', '', '', NULL, '2', NULL, NULL, NULL, NULL, NULL, NULL, '2', NULL, NULL, NULL, NULL, NULL, NULL, NULL, '2016-05-27 18:38:35'),
	('4', '1', 'f7f97077533d45ae909ec8ae2ae27d27', '1', '2016-05-27 18:38:35', '2016-05-27 18:38:35', '1', '1', '1894.73', '3de0ca3013f2409e924c0e89f0b8fac3', '2016-05-27 18:29:53', '6217000000000000000', '测试用户21', 'account_no', 'account_name', '5', '1', '2730FAE730F9FCB7', '', '1894.73', '3', '', '1', '', 'batch_pay_record', '', '', NULL, '2', NULL, NULL, NULL, NULL, NULL, NULL, '2', NULL, NULL, NULL, NULL, NULL, NULL, NULL, '2016-05-27 18:38:35');

INSERT INTO `t_deduct_application` (`id`, `deduct_application_uuid`, `deduct_id`, `request_no`, `financial_contract_uuid`, `financial_product_code`, `contract_unique_id`, `repayment_plan_code_list`, `contract_no`, `planned_deduct_total_amount`, `actual_deduct_total_amount`, `notify_url`, `transcation_type`, `repayment_type`, `execution_status`, `execution_remark`, `create_time`, `creator_name`, `ip`, `last_modified_time`, `record_status`, `is_available`, `api_called_time`, `transaction_recipient`, `customer_name`, `mobile`, `gateway`, `source_type`, `third_part_voucher_status`, `complete_time`)
VALUES 
	('1', '9d13d98f-6b5a-47f0-ae0c-537bd54afcc2', '94d1f220-21e6-4642-a681-d0f1816a0d20', '2445ef09-f220-4e52-abe2-ec69aa6fbcaf', '92846f20-87e3-49f4-8f90-fe04a72c0484', 'G00001', NULL, NULL, 'contractNo1', NULL, NULL, '', '1', '0', '0', '放款请求受理失败!', '2016-08-24 17:21:00', 't_test_zfb', '115.197.180.125', '2016-08-24 17:21:00', '2', '0', '2016-08-04 00:00:00', NULL, NULL, NULL, NULL, '1', '1', '2016-08-24 17:21:00'),
	('2', '4d5f042e-7030-4911-92b5-02a2e9a76b0f', 'c906d969-4654-4972-b284-40cb93331ade', 'c906d969-4654-4972-b284-40cb93331ade', '2d380fe1-7157-490d-9474-12c5a9901e29', 'G00003', '4c05b1ea-fc25-47eb-9c76-dcabd0271e1e', NULL, 'G00003(zht934582950106399250)', '0.02', '0.01', '', '1', '0', '0', '', '2016-08-26 00:03:58', 't_merchant', '101.231.215.146', '2016-08-26 22:20:27', '2', '0', '2016-08-26 00:00:00', NULL, NULL, NULL, NULL, '1', '1', NULL),
	('3', '12eeb545-c96f-416d-b904-ed70ece1ea0c', 'fe98397b-fd90-438e-9d73-5c8faf43834e', 'fe98397b-fd90-438e-9d73-5c8faf43834e', '2d380fe1-7157-490d-9474-12c5a9901e29', 'G00003', '4c05b1ea-fc25-47eb-9c76-dcabd0271e1e', NULL, 'G00003(zht934582950106399250)', '0.02', '0.01', '', '1', '0', '0', '', '2016-08-26 00:13:37', 't_merchant', '101.231.215.146', '2016-08-26 22:20:27', '2', '0', '2016-08-26 00:00:00', NULL, NULL, NULL, NULL, '1', '1', NULL),
	('4', '4a785149-ae19-4348-aa08-aeb90fddd305', 'dfa88c79-16d4-4791-9990-1525d9fedd27', 'dfa88c79-16d4-4791-9990-1525d9fedd27', '2d380fe1-7157-490d-9474-12c5a9901e29', 'G00003', '88bf5ce9-e828-46b7-a3d6-bf912d5b2972', NULL, 'G00003(zht529431148789034196)', '0.02', '0.00', '', '1', '0', '0', '', '2016-08-26 01:59:13', 't_merchant', '101.52.128.162', '2016-08-26 22:20:27', '2', '0', '2016-08-26 00:00:00', NULL, NULL, NULL, NULL, '1', '1', NULL);

INSERT INTO `repurchase_doc` (`id`, `repurchase_doc_uuid`, `financial_contract_uuid`, `amount`, `repo_start_date`, `repo_end_date`, `repo_days`, `creat_time`, `verification_time`, `last_modifed_time`, `contract_id`, `contract_no`, `app_id`, `app_name`, `customer_uuid`, `customer_name`, `executing_asset_set_uuids`, `asset_set_uuids`, `repurchase_status`)
VALUES 
	('1', 'f17dcb19-7163-4ba0-b348-6f8821268ba6', '2d380fe1-7157-490d-9474-12c5a9901e29', '2502.00', '2016-11-01', '2016-11-02', '1', '2016-11-01 11:23:27', NULL, '2016-11-01 11:23:27', '39678', '2016-236-DK(745949740360731625ht)号', '3', 'ppd', '645b5b65-44e4-467c-aabb-ed8dbb2b6a82', '王林广', NULL, NULL, NULL),
	('2', '57f13cc3-d251-4513-80e9-f960fb27a7a5', '2d380fe1-7157-490d-9474-12c5a9901e29', '2502.00', '2016-11-01', '2016-11-02', '1', '2016-11-01 11:23:40', NULL, '2016-11-01 11:23:40', '39677', '2016-236-DK(27046725700646471ht)号', '3', 'ppd', 'a0ab84f6-a0e9-4dd8-8f04-e6db1971fbbb', '王林广', NULL, NULL, '0'),
	('3', '0bdf90f0-bb21-4fc9-974e-31126f4c8a3c', '2d380fe1-7157-490d-9474-12c5a9901e29', NULL, '2016-11-01', '2016-11-02', '1', '2016-11-01 11:23:49', NULL, '2016-11-01 11:23:49', '39676', '2016-236-DK(12838990)号', '3', 'ppd', '95cbde46-f613-457e-9d9a-885c540d3480', '深圳一号', NULL, NULL, '0'),
	('4', 'b8a83954-11e8-42ec-b3ec-3014e5007fd1', '92846f20-87e3-49f4-8f90-fe04a72c0484', NULL, '2016-11-01', '2016-11-02', '1', '2016-11-01 11:24:26', NULL, '2016-11-01 11:24:26', '39674', '2016-236-DK(12771089)号', '3', 'ppd', '03812739-8945-483c-9166-719cc9a4fc6c', '深圳一号', NULL, NULL, '0');

SET FOREIGN_KEY_CHECKS=1;

